04recall,11recall,15recall,18recall,20recall,23recall,28recall,30recall,31recall,33recall,39recall,43recall,48recall,56recall,57recall,59recall,61recall,62recall,64recall,65recall,70recall,71recall,75recall,80recall,12recall,19recall,21recall,22recall,25recall,27recall,29recall,37recall,40recall,63recall,66recall,74recall,82recall,02recall,06recall,36recall,41recall,44recall,45recall,47recall,52recall
IQIMYGCDV DGSHTIQIMYGCDVG,MRYFDTAMS SHSMRYFDTAMSRPG,IQIMYGCDV SHTIQIMYGCDVGSD,VGSDWRFLR GCDVGSDWRFLRGYH,GLCVESLRR YLEGLCVESLRRYLE,YFYTSVSRP SMRYFYTSVSRPGRG,YFYTSVSRP SMRYFYTSVSRPGRG,IMYGCDVGS TIQIMYGCDVGSDGR,LLRGHNQYA DGRLLRGHNQYAYDG,LRIALRYYN RENLRIALRYYNQSE,LGTLRGYYN RANLGTLRGYYNQSE,QRRAYLEGL VAEQRRAYLEGLCVE,MRYFSTSVS SHSMRYFSTSVSRPG,TCVDGLRRY LEGTCVDGLRRYLEN,WEAAHAAEQ KRKWEAAHAAEQQRA,MRYFDTAMS SHSMRYFDTAMSRPG,GRCVEWLRR RAYLEGRCVEWLRRY,FGAVFAGAV LVLFGAVFAGAVVAA,FGAVITGAV LVLFGAVITGAVVAA,YRESLRNLR TQTYRESLRNLRGYY,WALSFYPAE LRCWALSFYPAEITL,YFYTSVSRP SMRYFYTSVSRPGRG,FGAVITGAV LVLFGAVITGAVVAA,WELSSQPTI KPLTLRWELSSQPTI,VHAAEQRRV KWEAVHAAEQRRVYL,CWALSFYPA TLRCWALSFYPAEIT,YFYTSVSRP SMRYFYTSVSRPGRG,RAYLEGRCV QWRAYLEGRCVEWLR,YYNQSEAGS LRGYYNQSEAGSHII,QIYKAQAQT RNTQIYKAQAQTDRE,RYFFTSVSR HSMRYFFTSVSRPGR,FAGAVVAAV LFGAMFAGAVVAAVR,YIALNEDLS GKDYIALNEDLSSWT,KAHSQTHRV TRKVKAHSQTHRVDL,LRIALRYYN RESLRIALRYYNQSE,LQRTDAPKT KETLQRTDAPKTHMT,MRYFFTSVS HSMRYFFTSVSRPGR,FGAVITGAV LVLFGAVITGAVVAA,WEAAHVAEQ KHKWEAAHVAEQLRA,CVEWLRRYL GLCVEWLRRYLENGK,RAYLDGTCV EQLRAYLDGTCVEWL,YFYTSVSRP SMRYFYTSVSRPGRG,LLRGYNQLA GPDGRLLRGYNQLAY,LGTLRGYYN RANLGTLRGYYNQSE,EVTLRCWAL DHEVTLRCWALGFYP
GRCVEWLRR RAYLEGRCVEWLRRY,RFISVGYVD EPRFISVGYVDDTQF,VVAVVMCRR LGAVVAVVMCRRKSS,VKAHSQTHR TRKVKAHSQTHRVDL,YLEGLCVES DRAYLEGLCVESLRR,FYTSVSRPG FYTSVSRPGRGEPRF,FYTSVSRPG MRYFYTSVSRPGRGE,FFTSVSRPG HSMRYFFTSVSRPGR,MRYFDTAMS SHSMRYFDTAMSRPG,FLRGYHQYA DGRFLRGYHQYAYDG,WEAVHAAEQ KRKWEAVHAAEQRRV,LCVEWLRRY LEGLCVEWLRRYLEN,FLRGYHQYA GSDGRFLRGYHQYAY,VGSDGRFLR GCDVGSDGRFLRGYH,GAVITGAVV VLLGAVITGAVVAAV,LERADPPKT KDTLERADPPKTHVT,ITKRKWEAA AAQITKRKWEAAHAA,YFTTSVSRP SMRYFTTSVSRPGRG,WALSFYPAE LRCWALSFYPAEITL,FDSDATSPR LFVRFDSDATSPRKE,WEAAHVAEQ KHKWEAAHVAEQLRA,MRYFYTSVS SHSMRYFYTSVSRPG,WALSFYPAE LRCWALSFYPAEITL,IQIMYGCDV GSHTIQIMYGCDVGS,CVESLRRYL LCVESLRRYLENGKE,TLRCWALSF HEATLRCWALSFYPA,FYTSVSRPG MRYFYTSVSRPGRGE,LQRTDAPKT KETLQRTDAPKTHMT,GLCVEWLRR RAYLEGLCVEWLRRY,YKAQAQTDR TQIYKAQAQTDRESL,AAQITKRKW AAQITKRKWEAAHEA,WASVVVPSG TFQKWASVVVPSGQE,FYTAMSRPG MRYFYTAMSRPGRGE,EAAHVAEQL HKWEAAHVAEQLRAY,LQRTDAPKT KETLQRTDAPKTHMT,ESLRIALRY SQTDRESLRIALRYY,FGAVITGAV LVLFGAVITGAVVAA,WALSFYPAE LRCWALSFYPAEITL,EAAHVAEQL HKWEAAHVAEQLRAY,FYHQEEYVR DRYFYHQEEYVRFDS,FFTSVSRPG SMRYFFTSVSRPGRG,FYTSVSRPG MRYFYTSVSRPGRGE,IGAVVATVM VVVIGAVVATVMCRR,WEAVHAAEQ KRKWEAVHAAEQRRV,YLEGLCVES DRAYLEGLCVESLRR
AYLEGRCVE QQRAYLEGRCVEWLR,SHTLQSMYG EAGSHTLQSMYGCDV,LRRYLKNGK VEWLRRYLKNGKETL,HRVDLGTLR SQTHRVDLGTLRGYY,YRENLRTAL TQTYRENLRTALRYY,WEAAHAAEQ KRKWEAAHAAEQQRA,MRYFYTSVS HSMRYFYTSVSRPGR,MRYFFTSVS SHSMRYFFTSVSRPG,LLRGHNQYA DGRLLRGHNQYAYDG,MRYFSTSVS SHSMRYFSTSVSRPG,WELSSQPTI KPLTLRWELSSQPTI,MRYFSTSVS SHSMRYFSTSVSWPG,SMRYFSTSV HSMRYFSTSVSRPGR,LKEDLRSWT DYIALKEDLRSWTAA,WELSSQPTI LTLRWELSSQPTIPI,VIGAVVAAV AVVVIGAVVAAVMCR,GRCVEWLRR RAYLEGRCVEWLRRY,WASVVVPSG TFQKWASVVVPSGQE,WEAAHVAEQ KHKWEAAHVAEQLRA,YVDDTLFVR ITVGYVDDTLFVRFD,WRFLRGYHQ GSDWRFLRGYHQYAY,FYTSVSRPG MRYFYTSVSRPGRGE,WRFLRGYHQ GSDWRFLRGYHQYAY,YFFTSVSRP SMRYFFTSVSRPGRG,YRENLRTAL QTYRENLRTALRYYN,AHVAEQLRA WEAAHVAEQLRAYLE,MRYFYTSVS HSMRYFYTSVSRPGR,WRAYLEGRC AEQWRAYLEGRCVEW,VVATVMCRR IGAVVATVMCRRKSS,LERADPPKT KDKLERADPPKTHVT,FTSVSRPGR YFFTSVSRPGRGEPR,FGAMFAGAV LVLFGAMFAGAVVAA,YRENLRIAL AQTYRENLRIALRYY,AAHVAEQLR KWEAAHVAEQLRAYL,VIAGAVVAA FGAVIAGAVVAAVMW,TLRCWALSF EATLRCWALSFYPAE,WRFLRGYHQ GSDWRFLRGYHQYAY,WEAAHVAEQ KHKWEAAHVAEQLRA,WEAAHVAEQ KHKWEAAHVAEQLRA,YFYHQEEYV FLDRYFYHQEEYVRF,WELSSQPTI LTLRWELSSQPTIPI,GRCVEWLRR RAYLEGRCVEWLRRY,LEGLCVESL RAYLEGLCVESLRRY,WELSSQPTI KPLTLRWELSSQPTI,YRENLRTAL TQTYRENLRTALRYY
LGAVITGAV VLLGAVITGAVVAAV,QRKWEAARV QITQRKWEAARVAEQ,VEWLRRYLK GLCVEWLRRYLKNGK,MRYFFTSVS HSMRYFFTSVSRPGR,LEGLCVESL RAYLEGLCVESLRRY,RAYLEGRCV EQQRAYLEGRCVEWL,IAGAVVAAV GAVIAGAVVAAVMWR,YFFTSVSRP SMRYFFTSVSRPGRG,MRYFDTAMS SHSMRYFDTAMSRPG,LQMMFGCDV GSHTLQMMFGCDVGS,IQIMYGCDV DGSHTIQIMYGCDVG,WKPSSQPTI TLRWKPSSQPTIPIV,DRENLRIAL SQTDRENLRIALRYY,YIALKEDLR GKDYIALKEDLRSWT,GRFLRGYRQ GPDGRFLRGYRQDAY,KTHVTHHPI PPKTHVTHHPISDHE,SHTLQRMYG EAGSHTLQRMYGCDV,FAGAVVAAV FGAVFAGAVVAAVRW,WRFLRGYHQ GSDWRFLRGYHQYAY,VRFDSDATS TLFVRFDSDATSPRK,VITGAVVAA FGAVITGAVVAAVMW,IYKAQAQTD TQIYKAQAQTDRESL,VITGAVVAA FGAVITGAVVAAVMW,VAAVMWRRK VAAVMWRRKSSDRKG,VRFDSDATS TLFVRFDSDATSPRK,TRKVKAHSQ GETRKVKAHSQTHRV,IAGAVVAAV GAVIAGAVVAAVMWR,LGTLRGYYN RANLGTLRGYYNQSE,YRESLRNLR TQTYRESLRNLRGYY,TQIYKAQAQ YWDRNTQIYKAQAQT,FFTSVSRPG SMRYFFTSVSRPGRG,FQKWASVVV DGTFQKWASVVVPSG,WEAARVAEQ QRKWEAARVAEQLRA,AHVAEQLRA WEAAHVAEQLRAYLE,RAYLEGRCV EQWRAYLEGRCVEWL,LSFYPAEIT CWALSFYPAEITLTW,YFFTSVSRP SMRYFFTSVSRPGRG,WRFLRGYHQ GSDWRFLRGYHQYAY,AAHVAEQLR KWEAAHVAEQLRAYL,FYPAQIKVR VTDFYPAQIKVRWFR,WEAAHEAEQ KRKWEAAHEAEQLRA,RYFYTSVSR HSMRYFYTSVSRPGR,VVATVMCRR VIGAVVATVMCRRKS,YFFTSVSRP SMRYFFTSVSRPGRG,LEGLCVESL RAYLEGLCVESLRRY
WELSSQPTI KPLTLRWELSSQPTI,FDTAMSRPG SMRYFDTAMSRPGRG,IQRMYGCDV AGSHIIQRMYGCDVG,FLRGYHQYA RFLRGYHQYAYDGKD,IQRMYGCDV SHIIQRMYGCDVGPD,RYFYTSVSR SMRYFYTSVSRPGRG,VIAGAVVAA FGAVIAGAVVAAVMW,FTSVSRPGR MRYFFTSVSRPGRGE,FTVQRRVHP VESFTVQRRVHPKVT,YIALKEDLR GKDYIALKEDLRSWT,LGAVITGAV VLLGAVITGAVVAAV,VLAVLGAMV VLAVLAVLGAMVAVV,MRYFSTSVS SHSMRYFSTSVSRPG,YYNQSEAGS ALRYYNQSEAGSHTL,YFYTSVSRP HSMRYFYTSVSRPGR,VAAVMCRRK VAAVMCRRKSSGGKG,RAYLEGLCV EQWRAYLEGLCVEWL,IQMMYGCDV SHTIQMMYGCDVGSD,YIALKEDLR GKDYIALKEDLRSWT,YRESLRNLR TQTYRESLRNLRGYY,YSQAASSDS GGSYSQAASSDSAQG,QIYKAQAQT RNTQIYKAQAQTDRE,VGSDWRFLR GCDVGSDWRFLRGYH,AYLDGTCVE LRAYLDGTCVEWLRR,GYVDDTLFV FITVGYVDDTLFVRF,EAAHVAEQL KWEAAHVAEQLRAYL,VIAGAVVAA FGAVIAGAVVAAVMW,TLRCWALSF EATLRCWALSFYPAE,SHIIQRMYG AGSHIIQRMYGCDLG,DRNTQIYKA EYWDRNTQIYKAQAQ,MRYFFTSVS SHSMRYFFTSVSRPG,VVAAVRWRR AGAVVAAVRWRRKSS,MRYFYTAMS HSMRYFYTAMSRPGR,WEAAHVAEQ KHKWEAAHVAEQLRA,IAGAVVAAV GAVIAGAVVAAVMWR,WALSFYPAE LRCWALSFYPAEITL,YIALKEDLR GKDYIALKEDLRSWT,YIALKEDLR GKDYIALKEDLRSWT,AHVAEQLRA WEAAHVAEQLRAYLE,LIIHHRSQK GLGLIIHHRSQKGLL,MRYFFTSVS SHSMRYFFTSVSRPG,YTSVSRPGR YFYTSVSRPGRGEPR,GLCVESLRR AYLEGLCVESLRRYL,VAAVMWRRK VAAVMWRRKSSDRKG,LRTALRYYN RENLRTALRYYNQSE
YTQAASSDS KGGSYTQAASSDSAQ,PRFISVGYV RGEPRFISVGYVDDT,YLKNGKETL LRRYLKNGKETLQRA,WRFLRGYHQ GSDWRFLRGYHQYAY,FVRFDSDAT TLFVRFDSDATSPRK,YTSVSRPGR RYFYTSVSRPGRGEP,YFYTSVSRP SMRYFYTSVSRPGRG,DILEQARAA SQKDILEQARAAVDT,,YFSTSVSRP SMRYFSTSVSRPGRG,RVYLEGRCV RRVYLEGRCVDGLRR,FSTSVSWPG SMRYFSTSVSWPGRG,MRYFYTSVS HSMRYFYTSVSRPGR,DGRFLRGYH DVGSDGRFLRGYHQY,RAYLEGRCV QQRAYLEGRCVEWLR,VVAAVMCRR IGAVVAAVMCRRKSS,WRAYLEGLC AEQWRAYLEGLCVEW,MRYFTTSVS SHSMRYFTTSVSRPG,TLRWEPSSQ KPLTLRWEPSSQPTI,MRYFHTAMS HSMRYFHTAMSRPGR,FGAVITGAV LVLFGAVITGAVVAA,LERADPPKT KDKLERADPPKTHVT,VKAHSQTHR TRKVKAHSQTHRVDL,RAYLDGTCV QLRAYLDGTCVEWLR,LRTALRYYN YRENLRTALRYYNQS,HRVDLGTLR SQTHRVDLGTLRGYY,YFYTSVSRP SMRYFYTSVSRPGRG,LSFYPAEIT CWALSFYPAEITLTW,TVMCRRKSS TVMCRRKSSGGKGGS,SHTLQSMYG EAGSHTLQSMYGCDV,IQIMYGCDV SHTIQIMYGCDVGSD,VGPDGRLLR GCDVGPDGRLLRGYQ,YFYTAMSRP SMRYFYTAMSRPGRG,DWRFLRGYH GCDVGSDWRFLRGYH,TDRESLRIA HSQTDRESLRIALRY,IQMMYGCDV AGSHTIQMMYGCDVG,FFTSVSRPG MRYFFTSVSRPGRGE,TLRWEPSSQ KPLTLRWEPSSQPTI,LRKLRGYYN RVNLRKLRGYYNQSE,VYQFKGMCY EDFVYQFKGMCYFTN,LRWELSSQP PLTLRWELSSQPTIP,ITKRKWEAA AAQITKRKWEAAHAA,WQRMYGCDL AGSHTWQRMYGCDLG,IQIMYGCDV DGSHTIQIMYGCDVG,GLCVESLRR LEGLCVESLRRYLEN
LSSQPTIPI TLRWELSSQPTIPIV,YLENGKDTL LRRYLENGKDTLERA,VVAVVMCRR LGAVVAVVMCRRKSS,DWRFLRGYH VGSDWRFLRGYHQYA,FYTAMSRPG SMRYFYTAMSRPGRG,FYTSVSRPG MRYFYTSVSRPGRGE,FYPAEITLT WALSFYPAEITLTWQ,FLNGQEEKA VRWFLNGQEEKAGMV,,VGSDGRFLR GCDVGSDGRFLRGYH,VHAAEQRRV KWEAVHAAEQRRVYL,MRYFSTSVS SHSMRYFSTSVSWPG,YFYTSVSRP SMRYFYTSVSRPGRG,YIALKEDLR KDYIALKEDLRSWTA,LRWELSSQP PLTLRWELSSQPTIP,DRESLRNLR NTQTDRESLRNLRGY,YRAVTELGR VGEYRAVTELGRPDA,FQKWASVVV DGTFQKWASVVVPSG,VITGAVVAA FGAVITGAVVAAVMW,YFHTAMSRP MRYFHTAMSRPGRGE,YIALKEDLR GKDYIALKEDLRSWT,DRESLRNLR QAQTDRESLRNLRGY,VAEQLRAYL WEAAHVAEQLRAYLE,FFTSVSRPG MRYFFTSVSRPGRGE,IQRMYGCDV AGSHIIQRMYGCDVG,VQRMYGCDV SHTVQRMYGCDVGSD,RCWALSFYP ATLRCWALSFYPAEI,WALSFYPAE LRCWALSFYPAEITL,FKTNTQTYR TQIFKTNTQTYRESL,IYKAQAQTD NTQIYKAQAQTDRES,FFTSVSRPG SMRYFFTSVSRPGRG,RESLRIALR AHSQTDRESLRIALR,LRIALRYYN YRENLRIALRYYNQS,WRFLRGYHQ GSDWRFLRGYHQYAY,YFYTSVSRP HSMRYFYTSVSRPGR,VVAAVRWRR FAGAVVAAVRWRRKS,FFTSVSRPG SMRYFFTSVSRPGRG,VITGAVVAA FGAVITGAVVAAVMW,LLRGYNQFA DGRLLRGYNQFAYDG,YRAVTPLGP VGVYRAVTPLGPPAA,AEQLRAYLD HEAEQLRAYLDGTCV,RAYLEGRCV EQQRAYLEGRCVEWL,WEPSSQSTI TLRWEPSSQSTIPIV,RVYLEGRCV RRVYLEGRCVDGLRR,GLCVESLRR YLEGLCVESLRRYLE
YLEGRCVEW QRAYLEGRCVEWLRR,LQSMYGCDV AGSHTLQSMYGCDVG,LRRYLKNGK VEWLRRYLKNGKETL,YRESLRNLR TQTYRESLRNLRGYY,RAYLEGLCV EQDRAYLEGLCVESL,GRCVEWLRR RAYLEGRCVEWLRRY,MRYFYTSVS SHSMRYFYTSVSRPG,ILEQARAAV QKDILEQARAAVDTY,,DRENLRIAL AHSQTDRENLRIALR,YTQAASSDS KGGSYTQAASSDSAQ,MVAVVMCRR LGAMVAVVMCRRKSS,FYTSVSRPG MRYFYTSVSRPGRGE,RENLRIALR AHSQTDRENLRIALR,LVLLGAVIT AGLVLLGAVITGAVV,FKTNTQTDR TQIFKTNTQTDRESL,LLEQKRAAV QKDLLEQKRAAVDTY,FTTSVSRPG RYFTTSVSRPGRGEP,LRWEPSSQP PLTLRWEPSSQPTIP,FVRFDSDAT DTLFVRFDSDATSPR,TLRWEPSSQ KPLTLRWEPSSQPTI,LRGHDQYAY GRLLRGHDQYAYDGK,HRVDLGTLR SQTHRVDLGTLRGYY,YTQAASSDS KGGSYTQAASSDSAQ,LCVESLRRY LEGLCVESLRRYLEN,FGAVITGAV LVLFGAVITGAVVAA,MRYFYTSVS HSMRYFYTSVSRPGR,IAGAVVAAV GAVIAGAVVAAVMWR,ATVMCRRKS GAVVATVMCRRKSSG,LQSMYGCDV AGSHTLQSMYGCDVG,FYTAVSRPS SMRYFYTAVSRPSRG,LVLFGAMFA IIAGLVLFGAMFAGA,RYFYTAMSR HSMRYFYTAMSRPGR,FLRGYHQYA RFLRGYHQYAYDGKD,FYTSVSRPG SMRYFYTSVSRPGRG,RCWALSFYP ATLRCWALSFYPAEI,VQRMYGCDV GSHTVQRMYGCDVGS,LKEDLRSWT DYIALKEDLRSWTAA,FVQFDSDAA DTQFVQFDSDAASPR,FKGMCYFTN YQFKGMCYFTNGTER,IQIMYGCDV SHTIQIMYGCDVGSD,RYFYTSVSR SMRYFYTSVSRPGRG,LCVESLRRY LEGLCVESLRRYLEN,VHAAEQRRV KWEAVHAAEQRRVYL,YRENLRTAL QTYRENLRTALRYYN
VGPDGRFLR GCDVGPDGRFLRGYR,WEAARVAEQ QRKWEAARVAEQDRA,YFYNQEEYV FLDRYFYNQEEYVRF,LCVEWLRRY LEGLCVEWLRRYLEN,MRYFYTAMS SHSMRYFYTAMSRPG,MRYFYTSVS GSHSMRYFYTSVSRP,RYFYTSVSR HSMRYFYTSVSRPGR,FYPGSIEVR VSGFYPGSIEVRWFL,,DGRFLRGYH CDVGSDGRFLRGYHQ,LSSQPTIPI TLRWELSSQPTIPIV,YFSTSVSWP MRYFSTSVSWPGRGE,VVAAVMCRR VIGAVVAAVMCRRKS,YHQYAYDGK LRGYHQYAYDGKDYI,GLVLLGAVI IIAGLVLLGAVITGA,AAVMCRRKS AAVMCRRKSSGGKGG,YFYHQEEYV RFLDRYFYHQEEYVR,TAADMAAQI RSWTAADMAAQITQR,CWALSFYPA TLRCWALSFYPAEIT,YTAVSRPGR MRYFYTAVSRPGRGE,LRCWALSFY HEATLRCWALSFYPA,RYFYTSVSR SMRYFYTSVSRPGRG,FDSDATSPR VRFDSDATSPRKEPR,LSSQPTIPI TLRWELSSQPTIPIV,ITVGYVDDT RFITVGYVDDTLFVR,YWDGETRKV GPEYWDGETRKVKAH,FGAVIAGAV LVLFGAVIAGAVVAA,YFYTSVSRP SMRYFYTSVSRPGRG,YRESLRNLR QTYRESLRNLRGYYN,YSQAACSDS GGSYSQAACSDSAQG,YTAVSRPSR YTAVSRPSRGEPHFI,SLRIALRYY SQTDRESLRIALRYY,YTAMSRPGR SMRYFYTAMSRPGRG,FGAVITGAV LVLFGAVITGAVVAA,MRYFYTSVS SHSMRYFYTSVSRPG,FAGAVVAAV AMFAGAVVAAVRWRR,HRVDLGTLR QTHRVDLGTLRGYYN,VGSDWRFLR GCDVGSDWRFLRGYH,VMAVVMCRR LGAVMAVVMCRRKSS,RVRLVTRYI GTERVRLVTRYIYNR,YWDQETRNV GPEYWDQETRNVKAQ,YTSVSRPGR RYFYTSVSRPGRGEP,CVESLRRYL EGLCVESLRRYLENG,FFTSVSRPG MRYFFTSVSRPGRGE,LRTALRYYN YRENLRTALRYYNQS
YRESLRNLR TQTYRESLRNLRGYY,MRYFDTAMS SHSMRYFDTAMSRPG,YVRFDSDVG QEEYVRFDSDVGEFR,VVATVMCRR IGAVVATVMCRRKSS,EVTLRCWAL DHEVTLRCWALGFYP,AYLEGRCVE QQRAYLEGRCVEWLR,FYTSVSRPG RYFYTSVSRPGRGEP,YNQEESVRF RYFYNQEESVRFDSD,,RFLRGYHQY DVGSDGRFLRGYHQY,LGTLRGYYN RANLGTLRGYYNQSE,SMRYFSTSV GSHSMRYFSTSVSWP,MRYFYTSVS HSMRYFYTSVSRPGR,ENLRIALRY HSQTDRENLRIALRY,LSSQPTIPI RWELSSQPTIPIVGI,VAEQDRAYL AARVAEQDRAYLEGT,SFTVQRRVY NYGVGESFTVQRRVY,VVAAVRWRR AGAVVAAVRWRRKSS,TLRCWALSF HEATLRCWALSFYPA,AQTDRVSLR KRQAQTDRVSLRNLR,CWALSFYPA TLRCWALSFYPAEIT,YTSVSRPGR RYFYTSVSRPGRGEP,YVDDTLFVR FITVGYVDDTLFVRF,MRYFFTSVS SHSMRYFFTSVSRPG,FVRFDSDAT VDDTLFVRFDSDATS,YIALKEDLR GKDYIALKEDLRSWT,VIAGAVVAA FGAVIAGAVVAAVMW,YLEGRCVEW WRAYLEGRCVEWLRR,ATVMCRRKS GAVVATVMCRRKSSG,LLRGHDQYA DGRLLRGHDQYAYDG,VVAVVMCRR VLGAVVAVVMCRRKS,FQKWASVVV DGTFQKWASVVVPSG,LRIALRYYN TYRENLRIALRYYNQ,YIALKEDLR GKDYIALKEDLRSWT,FGAVIAGAV LVLFGAVIAGAVVAA,FGAMFAGAV VLFGAMFAGAVVAAV,DWRFLRGYH VGSDWRFLRGYHQYA,VKAHSQTHR TRKVKAHSQTHRVDL,LRSWTAADK NEDLRSWTAADKAAQ,YIYNREEYA LVTRYIYNREEYARF,LSSQPTIPI RWELSSQPTIPIVGI,FYTSVSRPG MRYFYTSVSRPGRGE,RAYLEGLCV EQDRAYLEGLCVESL,YTQAASSDS KGGSYTQAASSDSAQ,YLEGLCVES DRAYLEGLCVESLRR
IFKTNTQTY TQIFKTNTQTYRESL,IMGIVAGLA TIPIMGIVAGLAVLV,FLEDRRAAV QKDFLEDRRAAVDTY,RAYLEGLCV EQWRAYLEGLCVEWL,PRFITVGYV PRFITVGYVDDTLFV,VDLGTLRGY SQTDRVDLGTLRGYY,FGAVIAGAV LVLFGAVIAGAVVAA,YFYNQEESV LDRYFYNQEESVRFD,,IALRYYNQS RIALRYYNQSEAGSH,MAAQITKRK AADMAAQITKRKWEA,VLAVLGAMV VLAVLAVLGAMVAVV,VIGAVVAAV AVVVIGAVVAAVMCR,LQMMFGCDV GSHTLQMMFGCDVGS,MAAQITKRK AADMAAQITKRKWEA,PRFISVGYV RGEPRFISVGYVDDT,FTVQRRVYP GESFTVQRRVYPEVT,MRYFTTSVS SHSMRYFTTSVSRPG,AHVAEQLRA WEAAHVAEQLRAYLE,YLKNGKETL LRRYLKNGKETLQRA,TLRCWALSF SDHEATLRCWALSFY,FYTSVSRPG MRYFYTSVSRPGRGE,GLCVESLRR YLEGLCVESLRRYLE,FFTSVSRPG SMRYFFTSVSRPGRG,YRENLRTAL TQTYRENLRTALRYY,KTHMTHHAV APKTHMTHHAVSDHE,FQKWASVVV GTFQKWASVVVPSGQ,RCWALSFYP ATLRCWALSFYPAEI,GLCVEWLRR RAYLEGLCVEWLRRY,RAYLEGECV QRRAYLEGECVEWLR,YKRQAQTDR TQKYKRQAQTDRVNL,IQMMYGCDV GSHTIQMMYGCDVGP,IALNEDLSS KDYIALNEDLSSWTA,LKEDLRSWT DYIALKEDLRSWTAA,GRCVEWLRR AYLEGRCVEWLRRYL,FQKWASVVV DGTFQKWASVVVPSG,RAYLEGTCV QLRAYLEGTCVEWLR,VAEQLRAYL WEAAHVAEQLRAYLE,LRKLRGYYN DRVNLRKLRGYYNQS,IIHHRSQKG LGLIIHHRSQKGLLH,PLTLRWELS LPKPLTLRWELSSQP,GRCVEWLRR RAYLEGRCVEWLRRY,ATVMCRRKS VATVMCRRKSSGGKG,LSSQPTIPI TLRWELSSQPTIPIV,LCVESLRRY LEGLCVESLRRYLEN
YRESLRNLR TQTYRESLRNLRGYY,LVVLAVLGA AGLAVLVVLAVLGAV,FDSDVGEFR YVRFDSDVGEFRAVT,WRAYLEGLC AEQWRAYLEGLCVEW,FYTAMSRPG MRYFYTAMSRPGRGE,VKAQSQTDR TRNVKAQSQTDRVDL,FQKWASVVV GTFQKWASVVVPSGQ,SFTVQRRVQ VVESFTVQRRVQPKV,,ENLRIALRY HSQTDRENLRIALRY,GRFLRGYRQ GPDGRFLRGYRQDAY,,MRYFDTAVS SHSMRYFDTAVSRPG,WRRNSSDRK VMWRRNSSDRKGGSY,FYTSVSRPG SMRYFYTSVSRPGRG,FDTAMSRPG RYFDTAMSRPGRGEP,FLEQVKHEC RPRFLEQVKHECHFF,FTTSVSRPG SMRYFTTSVSRPGRG,TRKVKAHSQ GETRKVKAHSQTHRV,VVAVVMCRR LGAVVAVVMCRRKSS,WRFLRGYHQ GSDWRFLRGYHQYAY,MRYFYTSVS GSHSMRYFYTSVSRP,YLEGLCVES RAYLEGLCVESLRRY,LSSQPTIPI RWELSSQPTIPIVGI,LRYYNQSEA RTALRYYNQSEAGSH,MAAQTTKHK AADMAAQTTKHKWEA,WASVVVPSG TFQKWASVVVPSGQE,GRCVEWLRR RAYLEGRCVEWLRRY,VVATVMCRR IGAVVATVMCRRKSS,VESFTVQRR YGVVESFTVQRRVQP,SHTLQRMYG EAGSHTLQRMYGCDL,DGRLLRGYQ VGPDGRLLRGYQQDA,YRENLRIAL AQTYRENLRIALRYY,VGSDWRFLR GCDVGSDWRFLRGYH,CVEWLRRYL GRCVEWLRRYLENGK,VVAAVRWRR AGAVVAAVRWRRKSS,YIALKEDLR KDYIALKEDLRSWTA,HRVDLGTLR SQTHRVDLGTLRGYY,LRSWTAADK DLRSWTAADKAAQIT,YQLELRTTL RHNYQLELRTTLQRR,TLRWELSSQ PKPLTLRWELSSQPT,MRYFYTSVS GSHSMRYFYTSVSRP,LLRGYNQLA DGRLLRGYNQLAYDG,LTLRWELSS LPKPLTLRWELSSQP,LEGLCVESL RAYLEGLCVESLRRY
FKTNTQTYR TQIFKTNTQTYRESL,TIPIMGIVA PSSQPTIPIMGIVAG,VRFDSDVGE EYVRFDSDVGEFRAV,YRESLRNLR TQTYRESLRNLRGYY,YRENLRTAL TQTYRENLRTALRYY,ITKRKWEAA AAQITKRKWEAAHAA,TLRCWALSF HEATLRCWALSFYPA,ILEQARAAV QKDILEQARAAVDTY,,LQMMFGCDV GSHTLQMMFGCDVGS,VGYVDDTLF FITVGYVDDTLFVRF,,IMGIVAGLA TIPIMGIVAGLAVLV,VAEQQRAYL AAHVAEQQRAYLEGT,PLTLRWELS LPKPLTLRWELSSQP,QIFKTNTQT DRNTQIFKTNTQTDR,VTVYPAKTQ YPEVTVYPAKTQPLQ,YFYTSVSRP SMRYFYTSVSRPGRG,EAAHVAEQL KWEAAHVAEQLRAYL,LCVEWLRRY LEGLCVEWLRRYLKN,DWRFLRGYH VGSDWRFLRGYHQYA,YKAQAQTDR TQIYKAQAQTDRESL,YRENLRTAL TQTYRENLRTALRYY,IQIMYGCDV SHTIQIMYGCDVGSD,LRTALRYYN YRENLRTALRYYNQS,KAHSQTHRV TRKVKAHSQTHRVDL,TLRCWALSF EATLRCWALSFYPAE,FYTSVSRPG FYTSVSRPGRGEPRF,MVAVVMCRR AVLGAMVAVVMCRRK,YGVVESFTV RHNYGVVESFTVQRR,VVAVVMCRR LGAVVAVVMCRRKSS,AVVAAVRWR GAMFAGAVVAAVRWR,LCVEWLRRY LEGLCVEWLRRYLEN,VKAHSQTHR TRKVKAHSQTHRVDL,RESLRIALR SQTDRESLRIALRYY,LRCWALSFY HEATLRCWALSFYPA,KHKWEAAHV QTTKHKWEAAHVAEQ,YIALKEDLR GKDYIALKEDLRSWT,VMAVVMCRR LGAVMAVVMCRRKSS,VRLVTRYIY VRLVTRYIYNREEYA,GRFLRGYRQ GSDGRFLRGYRQDAY,AYLEGRCVE QQRAYLEGRCVEWLR,LCVESLRRY LEGLCVESLRRYLEN,FFTSVSRPG SMRYFFTSVSRPGRG,TAADKAAQI RSWTAADKAAQITQR
IFKTNTQTY NTQIFKTNTQTYRES,YKRQAQADR TQNYKRQAQADRVSL,FYPAQIKVR VTDFYPAQIKVRWFR,GLCVEWLRR WRAYLEGLCVEWLRR,LEGLCVESL RAYLEGLCVESLRRY,FHTSVSRPG MRYFHTSVSRPGRGE,LSFYPAEIT CWALSFYPAEITLTW,YNQEESVRF DRYFYNQEESVRFDS,,YIALKEDLR GKDYIALKEDLRSWT,YVDDTLFVR RFITVGYVDDTLFVR,,IVAGLAVLV IPIMGIVAGLAVLVV,NLRIALRYY SQTDRENLRIALRYY,MRYFYTSVS SHSMRYFYTSVSRPG,QRKWEAARV TQRKWEAARVAEQDR,YTCQVEHPS GEVYTCQVEHPSLTS,MRYFYTSVS SHSMRYFYTSVSRPG,HRVDLGTLR SQTHRVDLGTLRGYY,LRRYLKNGK VEWLRRYLKNGKETL,RCWALSFYP ATLRCWALSFYPAEI,GRLLRGHDQ GPDGRLLRGHDQYAY,FVRFDSDAT TLFVRFDSDATSPRK,YFYTSVSRP SMRYFYTSVSRPGRG,IQRMYGCDV AGSHIIQRMYGCDVG,LQRTDAPKT KETLQRTDAPKTHMT,LSFYPAEIT CWALSFYPAEITLTW,FGAVIAGAV LVLFGAVIAGAVVAA,SHTLQRMFG GSHTLQRMFGCDLGP,VQRRVQPKV TVQRRVQPKVTVYPS,FYTAVSRPS MRYFYTAVSRPSRGE,MAAQITQRK MAAQITQRKWEAARV,MKASAQTYR TRNMKASAQTYRENL,HRVDLGTLR SQTHRVDLGTLRGYY,GLVLFGAVI IIAGLVLFGAVIAGA,CWALSFYPA TLRCWALSFYPAEIT,AHVAEQLRA HKWEAAHVAEQLRAY,,LRRYLENGK VEWLRRYLENGKKTL,LGLIIHHRS LGLGLIIHHRSQKGL,YTQAASSDS GGSYTQAASSDSAQG,QIYKAQAQT RNTQIYKAQAQTDRE,CVESLRRYL YLEGLCVESLRRYLE,VHAAEQRRV WEAVHAAEQRRVYLE,LRSWTAADK DLRSWTAADKAAQIT
MVAVVMCRR LGAMVAVVMCRRKSS,RFISVGYVD EPRFISVGYVDDTQF,LIIHHRSQK GLGLIIHHRSQKGLL,LCVEWLRRY LEGLCVEWLRRYLEN,TVGYVDDTL RFITVGYVDDTLFVR,VGYVDGTQF FISVGYVDGTQFVRF,CWALSFYPA ATLRCWALSFYPAEI,FTVQRRVQP VESFTVQRRVQPKVT,,MRYFSTSVS MRYFSTSVSRPGRGE,IQRMYGCDV AGSHIIQRMYGCDVG,,IMGIVAGLA TIPIMGIVAGLAVLV,RYFSTSVSR HSMRYFSTSVSRPGR,LQRTDPPKT KETLQRTDPPKTHMT,AVMCRRKSS AVMCRRKSSGGKGGS,FYHQEEYVR FLDRYFYHQEEYVRF,FYTSVSRPG MRYFYTSVSRPGRGE,LRWEPSSQP PLTLRWEPSSQPTIP,LRGYDQYAY GRLLRGYDQYAYDGK,FLRGYHQYA RFLRGYHQYAYDGKD,PRFISVGYV RGEPRFISVGYVDDT,YRENLRTAL QTYRENLRTALRYYN,IYKAQAQTD NTQIYKAQAQTDRES,CVESLRRYL GLCVESLRRYLENGK,LSFYPAEIT CWALSFYPAEITLTW,WALSFYPAE LRCWALSFYPAEITL,FQKWASVVV DGTFQKWASVVVPSG,LLRGYNQFA GPDGRLLRGYNQFAY,ILEQARAAV QKDILEQARAAVDTY,YTAVSRPSR RYFYTAVSRPSRGEP,ESLRIALRY HSQTDRESLRIALRY,LRKLRGYYN RVNLRKLRGYYNQSE,YIALKEDLR GKDYIALKEDLRSWT,LRIALRYYN RESLRIALRYYNQSE,FGAMFAGAV LVLFGAMFAGAVVAA,MAAQTTKHK AADMAAQTTKHKWEA,,YLENGKKTL LRRYLENGKKTLQRA,,MRYFFTSVS HSMRYFFTSVSRPGR,YKAQAQTDR TQIYKAQAQTDRESL,VVATVMCRR IGAVVATVMCRRKSS,RVYLEGRCV EQRRVYLEGRCVDGL,NEDLRSWTA IALNEDLRSWTAADK
LRKLRGYYN DRVNLRKLRGYYNQS,IVAGLAVLV PIMGIVAGLAVLVVL,YRAVTPLGP VEVYRAVTPLGPPDA,VVATVMCRR IGAVVATVMCRRKSS,YTAMSRPGR YTAMSRPGRGEPRFI,PRFISVGYV PRFISVGYVDGTQFV,YFYTSVSRP SMRYFYTSVSRPGRG,EVAFRGILQ RHNYEVAFRGILQRR,,YFSTSVSRP RYFSTSVSRPGRGEP,GLCVESLRR AYLEGLCVESLRRYL,,VVTAMMCRR VLGAVVTAMMCRRKS,MRYFSTSVS SHSMRYFSTSVSRPG,YYNQSEDGS LRGYYNQSEDGSHTI,IMGIVAGLA TIPIMGIVAGLAVLV,FYHQEEYVR DRYFYHQEEYVRFDS,IYKAQAQTD TQIYKAQAQTDRESL,VQRMYGCDV SHTVQRMYGCDVGSD,LRAYLEGLC AEQLRAYLEGLCVEW,FGAVITGAV LVLFGAVITGAVVAA,WDRNTQIYK EYWDRNTQIYKAQAQ,FDSDATSPR LFVRFDSDATSPRKE,FYTSVSRPG FYTSVSRPGRGEPRF,LCVESLRRY LEGLCVESLRRYLEN,GLVLFGAVI IIAGLVLFGAVITGA,IAGAVVAAV GAVIAGAVVAAVMWR,LLRGYNQLA GPDGRLLRGYNQLAY,VLAVLGAMV VLAVLAVLGAMVAVV,FLWQPKREC RPRFLWQPKRECHFF,VESFTVQRR YGVVESFTVQRRVQP,LRGYQQDAY GRLLRGYQQDAYDGK,AQADRVNLR KRQAQADRVNLRKLR,LRRYLENGK VEWLRRYLENGKKTL,YTSVSRPGR SMRYFYTSVSRPGRG,TLRCWALSF SDHEATLRCWALSFY,MRYFFTSVS GSHSMRYFFTSVSRP,,WTAADKAAQ LRSWTAADKAAQITQ,,LRWELSSQP PLTLRWELSSQPTIP,YTAMSRPGR RYFYTAMSRPGRGEP,FYTAVSRPG MRYFYTAVSRPGRGE,MRYFFTSVS SHSMRYFFTSVSRPG,GRLLRGYNQ GPDGRLLRGYNQFAY
MRYFSTSVS SHSMRYFSTSVSWPG,FDTAVSRPG SMRYFDTAVSRPGRG,VYQFKAMCY EDFVYQFKAMCYFTN,LCVEWLRRY LEGLCVEWLRRYLKN,IQRMYGCDV SHIIQRMYGCDVGPD,YFHTSVSRP SMRYFHTSVSRPGRG,FYTSVSRPG MRYFYTSVSRPGRGE,YARFDSDVG REEYARFDSDVGVYR,,LRIALRYYN RENLRIALRYYNQSE,LCVESLRRY LEGLCVESLRRYLEN,,MRYFDTAVS SHSMRYFDTAVSRPG,LKEDLRSWT IALKEDLRSWTAADM,KRKWEAAHA QITKRKWEAAHAAEQ,LAVLVVLAV VAGLAVLVVLAVLGA,VNGFYPGSI LVCSVNGFYPGSIEV,YFYTSVSRP SMRYFYTSVSRPGRG,FGAVITGAV LVLFGAVITGAVVAA,LLRGYDQYA DGRLLRGYDQYAYDG,LSFYPAEIT LRCWALSFYPAEITL,NTQIYKAQA YWDRNTQIYKAQAQT,YVDDTLFVR ITVGYVDDTLFVRFD,RFISVGYVD EPRFISVGYVDDTQF,LEGLCVESL LRAYLEGLCVESLRR,WEAAHVAEQ KHKWEAAHVAEQLRA,VMAVVMCRR LGAVMAVVMCRRKSS,YFHTAMSRP HSMRYFHTAMSRPGR,LTLRWKPSS EPLTLRWKPSSQPTI,PRFLWQPKR GDTRPRFLWQPKREC,VQRRVQPKV TVQRRVQPKVTVYPS,AVRWRRKSS AAVRWRRKSSDRKGG,DRVNLRKLR AQADRVNLRKLRGYY,YLENGKKTL LRRYLENGKKTLQRA,LLRGHNQFA DGRLLRGHNQFAYDG,IQMMYGCDV AGSHTIQMMYGCDVG,FTSVSRPGR FTSVSRPGRGEPRFI,,LLRGYNQFA GPDGRLLRGYNQFAY,,LSSQPTIPI RWELSSQPTIPIVGI,FYTAMSRPG SMRYFYTAMSRPGRG,VVAVVMCRR LGAVVAVVMCRRKSS,DRANLGTLR QTDRANLGTLRGYYN,LTLRWGPSS PEPLTLRWGPSSQPT
WKPSSQPTI TLRWKPSSQPTIPIV,PRFISVGYV RGEPRFISVGYVDDT,IIHHRSQKG LGLIIHHRSQKGLLH,LRRYLKNGK VEWLRRYLKNGKETL,FVRFDSDAT DTLFVRFDSDATSPR,FHTSVSRPG MRYFHTSVSRPGRGE,MRYFYTSVS HSMRYFYTSVSRPGR,YRAVTPQGR GVYRAVTPQGRPDAE,,VAEQQRAYL AAHVAEQQRAYLEGT,LEGLCVESL RAYLEGLCVESLRRY,,IVAGLAVLV IPIMGIVAGLAVLVV,VGSDGRFLR CDVGSDGRFLRGYHQ,GRCVEWLRR AYLEGRCVEWLRRYL,IVAGLAVLV IMGIVAGLAVLVVLA,YFYHQEEYV FLDRYFYHQEEYVRF,MRYFYTSVS SHSMRYFYTSVSRPG,YWDGETRKV GPEYWDGETRKVKAH,VVAVVMCRR LGAVVAVVMCRRKSS,YIALKEDLR GKDYIALKEDLRSWT,RVSLRNLRG QADRVSLRNLRGYYN,VRFDSDATS TLFVRFDSDATSPRK,PRFISVGYV RGEPRFISVGYVDDT,FVRFDSDAT DTLFVRFDSDATSPR,WRFLRGYHQ GSDWRFLRGYHQYAY,AVMAVVMCR LAVLGAVMAVVMCRR,LRNLRGYYN YRESLRNLRGYYNQS,YFSTSVSWP SMRYFSTSVSWPGRG,FTVQRRVQP VESFTVQRRVQPKVT,ILEQARAAV QKDILEQARAAVDTY,FGAMFAGAV VLFGAMFAGAVVAAV,VVMCRRKSS VMAVVMCRRKSSGGK,LRKLRGYYN DRVNLRKLRGYYNQS,YIALNEDLS GKDYIALNEDLSSWT,RCWALSFYP ATLRCWALSFYPAEI,WEAAHVAEQ KHKWEAAHVAEQLRA,,FVQFDSDAA TQFVQFDSDAASPRG,,TLRWELSSQ KPLTLRWELSSQPTI,GLCVEWLRR RAYLEGLCVEWLRRY,KTHVTHHLV EHPKTHVTHHLVSDH,LSSQPTIPI RWELSSQPTIPIVGI,YLENGKKTL LRRYLENGKKTLQRA
SMRYFSTSV GSHSMRYFSTSVSWP,GLAVLVVLA VAGLAVLVVLAVLGA,YQLELRTTL RHNYQLELRTTLQRR,YLKNGKETL LRRYLKNGKETLQRA,RAYLEGLCV QDRAYLEGLCVESLR,YFHTSVSRP SMRYFHTSVSRPGRG,ICKTNTQTY NTQICKTNTQTYREN,VYRAVTPQG VGVYRAVTPQGRPDA,,NLRIALRYY SQTDRENLRIALRYY,TLRCWALGF HEVTLRCWALGFYPA,,ILEQARAAV QKDILEQARAAVDTY,AVMWRRNSS VAAVMWRRNSSDRKG,CVEWLRRYL GRCVEWLRRYLENGK,FDTAVSRPG MRYFDTAVSRPGRGE,VYPAKTQPL EVTVYPAKTQPLQHH,FYTSVSRPG HSMRYFYTSVSRPGR,YIALKEDLR GKDYIALKEDLRSWT,MRYFYTAVS HSMRYFYTAVSRPGR,FDSDATSPR VRFDSDATSPRKEPR,LGAVVTAMM LAVLGAVVTAMMCRR,LRTALRYYN YRENLRTALRYYNQS,LQSMYGCDV AGSHTLQSMYGCDVG,MVAVVMCRR LGAMVAVVMCRRKSS,AADMAAQTT WTAADMAAQTTKHKW,LQWMYGCDL SHTLQWMYGCDLGPD,GLCVEWLRR AYLEGLCVEWLRRYL,MVAVVMCRR LGAMVAVVMCRRKSS,RFLWQPKRE TRPRFLWQPKRECHF,FLWQPKREC RPRFLWQPKRECHFF,VAAVRWRRK VAAVRWRRKSSDRKG,VMAVVMCRR LGAVMAVVMCRRKSS,LRSWTAADK DLRSWTAADKAAQIT,VAEQLRTYL AARVAEQLRTYLEGT,IIAGLVLFG VGIIAGLVLFGAMFA,LRGYHQYAY LRGYHQYAYDGKDYI,,,,YFFTSVSRP SMRYFFTSVSRPGRG,SLRNLRGYY AQTDRESLRNLRGYY,YFYTAVSRP SMRYFYTAVSRPGRG,ITKRKWEAV MAAQITKRKWEAVHA,LRWGPSSQP PLTLRWGPSSQPTIP
VLAVLGAMV VLAVLAVLGAMVAVV,VLGAVVTAM VLAVLGAVVTAMMCR,LGLIIHHRS LGLGLIIHHRSQKGL,LRAYLEGLC AEQLRAYLEGLCVEW,YLEGLCVES DRAYLEGLCVESLRR,CVEWLRRHL GTCVEWLRRHLENGK,LLRGHNQFA GRLLRGHNQFAYDGK,HNYEVAFRG VCRHNYEVAFRGILQ,,SMRYFSTSV SHSMRYFSTSVSRPG,CVESLRRYL EGLCVESLRRYLENG,,ILEQARAAV QKDILEQARAAVDTY,KRKWEAAHV TKRKWEAAHVAEQQR,LLGAVITGA GLVLLGAVITGAVVA,RVSLRNLRG QADRVSLRNLRGYYN,LVCSVNGFY NLLVCSVNGFYPGSI,LGAVVTAMM LAVLGAVVTAMMCRR,KTHMTHHAV APKTHMTHHAVSDHE,LCVEWLRRY RAYLEGLCVEWLRRY,GLCVESLRR YLEGLCVESLRRYLE,MRYFDTAVS HSMRYFDTAVSRPGR,LCVESLRRY LEGLCVESLRRYLEN,YFYTSVSRP SMRYFYTSVSRPGRG,AQADRVNLR KRQAQADRVNLRKLR,HKWEAAHVA TKHKWEAAHVAEQLR,VMAVVMCRR LGAVMAVVMCRRKSS,IGAVVATVM VVVIGAVVATVMCRR,LLRGYNQFA GRLLRGYNQFAYDGK,YWNSQKDIL AEYWNSQKDILEQAR,PRFLWQPKR GDTRPRFLWQPKREC,GRLLRGYQQ GPDGRLLRGYQQDAY,FFNGTERVQ YKCHFFNGTERVQFL,WTAADKAAQ LRSWTAADKAAQITQ,AEQLRTYLE ARVAEQLRTYLEGTC,SLRIALRYY SQTDRESLRIALRYY,VKAHSQTHR TRKVKAHSQTHRVDL,,,,FFTSVSRPG MRYFFTSVSRPGRGE,RLLRGHNQL GPDGRLLRGHNQLAY,VVAVVMCRR LGAVVAVVMCRRKSS,DGRFLRGYR VGPDGRFLRGYRQDA,TLRWGPSSQ EPLTLRWGPSSQPTI
FSTSVSWPG HSMRYFSTSVSWPGR,LGAVVTAMM LAVLGAVVTAMMCRR,FYPAQIKVR VTDFYPAQIKVRWFR,LRRYLKNGK VEWLRRYLKNGKETL,GYVDDTLFV ITVGYVDDTLFVRFD,TCVEWLRRH RAYLEGTCVEWLRRH,YFYTSVSRP SMRYFYTSVSRPGRG,FDSDVGVYR EYARFDSDVGVYRAV,,LRGYHQYAY LRGYHQYAYDGKDYI,RAYLEGLCV EQDRAYLEGLCVESL,,VQRRVQPKV SFTVQRRVQPKVTVY,FLRGYHQYA GSDGRFLRGYHQYAY,LGAVITGAV LVLLGAVITGAVVAA,QRYTCHMQH QEQRYTCHMQHEGLQ,FTVQRRVYP GESFTVQRRVYPEVT,MRYFDTAVS HSMRYFDTAVSRPGR,MAAQTTKHK AADMAAQTTKHKWEA,YFYTAVSRP SMRYFYTAVSRPGRG,FYTAMSRPG MRYFYTAMSRPGRGE,IMGIVAGLA TIPIMGIVAGLAVLV,LRKLRGYYN RVNLRKLRGYYNQSE,FYTSVSRPG MRYFYTSVSRPGRGE,LLRGYNQFA DGRLLRGYNQFAYDG,FLRGYHQYA RFLRGYHQYAYDGKD,LAVLGAVMA VLAVLAVLGAVMAVV,MRYFHTAMS SHSMRYFHTAMSRPG,VLAVLGAMV VLAVLAVLGAMVAVV,FLWQPKREC RPRFLWQPKRECHFF,FTVQRRVQP VESFTVQRRVQPKVT,LLRGYQQDA DGRLLRGYQQDAYDG,FLERLFYNQ RVQFLERLFYNQEEF,LLRGYNQFA GPDGRLLRGYNQFAY,YFYTSVSRP HSMRYFYTSVSRPGR,FAGAVVAAV GAMFAGAVVAAVRWR,WRFLRGYHQ GSDWRFLRGYHQYAY,,,,IQIMYGCDV SHTIQIMYGCDVGSD,MRYFYTAMS SHSMRYFYTAMSRPG,VTHHLVSDH KTHVTHHLVSDHEAT,VAAVMWRRK VAAVMWRRKSSDRKG,LLRGYNQFA DGRLLRGYNQFAYDG
LQRMFGCDL DGSHTLQRMFGCDLG,VVTAMMCRR LGAVVTAMMCRRKSS,YIYNREEYA YVTRYIYNREEYARF,LCVEWLRRY RAYLEGLCVEWLRRY,VGYVDDTLF FITVGYVDDTLFVRF,PRFISVGYV RGEPRFISVGYVDGT,MRYFYTSVS SHSMRYFYTSVSRPG,RVRLVTRYI GTERVRLVTRYIYNR,,YAYDGKDYI YHQYAYDGKDYIALK,CVESLRRYL GLCVESLRRYLENGK,,,YFSTSVSRP SMRYFSTSVSRPGRG,TLRWELSSQ PKPLTLRWELSSQPT,AMMCRRKSS TAMMCRRKSSGGKGG,FVYQFKGMC PEDFVYQFKGMCYFT,IMGIVAGLA TIPIMGIVAGLAVLV,KAHSQTHRV TRKVKAHSQTHRVDL,AVVMCRRKS VAVVMCRRKSSGGKG,YLEGLCVES RAYLEGLCVESLRRY,LQRAEPPKT KETLQRAEPPKTHVT,LRSWTAADK EDLRSWTAADKAAQI,MRYFYTSVS HSMRYFYTSVSRPGR,VLAVLGAMV VLAVLAVLGAMVAVV,KAHSQTHRV TRKVKAHSQTHRVDL,ILEDKRAAV QKDILEDKRAAVDTY,VVATVMCRR VIGAVVATVMCRRKS,YFSTSVSWP SMRYFSTSVSWPGRG,YCRHNYGVV VDTYCRHNYGVVESF,RFLWQPKRE TRPRFLWQPKRECHF,YVDDTLFVR FITVGYVDDTLFVRF,FVRFDSDVG QEEFVRFDSDVGEYR,FVQFDSDAA TQFVQFDSDAASPRG,FYTSVSRPG SMRYFYTSVSRPGRG,FQKWASVVV DGTFQKWASVVVPSG,HKWEAAHVA TKHKWEAAHVAEQLR,,,,LLEQKRAAV QKDLLEQKRAAVDTY,LLRGHNQLA DGRLLRGHNQLAYDG,MRYFYTAVS SHSMRYFYTAVSRPG,NLGTLRGYY DRANLGTLRGYYNQS,FVQFDSDAA DTQFVQFDSDAASPR
MVAVVMCRR LGAMVAVVMCRRKSS,MRYFDTAVS HSMRYFDTAVSRPGR,TVCRHNYQL ELDTVCRHNYQLELR,GLCVEWLRR LRAYLEGLCVEWLRR,LRTALRYYN RENLRTALRYYNQSE,RYFHTSVSR HSMRYFHTSVSRPGR,RYFYTSVSR HSMRYFYTSVSRPGR,IIRQRSQKG LGLIIRQRSQKGLLH,,LKEDLRSWT IALKEDLRSWTAADM,LRRYLENGK VEWLRRYLENGKKTL,,,GTCVDGLRR RAYLEGTCVDGLRRY,YTQAASSDS GGSYTQAASSDSAQG,TQRKLEAAR AQITQRKLEAARAAE,FKGMCYFTN YQFKGMCYFTNGTER,LQRAEPPKT KETLQRAEPPKTHVT,LQRTDAPKT KETLQRTDAPKTHMT,IQRMYGCDV AGSHIIQRMYGCDVG,YRENLRTAL TQTYRENLRTALRYY,QRKLEAARA QITQRKLEAARAAEQ,LLRGYNQFA DGRLLRGYNQFAYDG,LGAVVTAMM LAVLGAVVTAMMCRR,SMRYFSTSV SHSMRYFSTSVSWPG,EAAHVAEQL HKWEAAHVAEQLRAY,YFYNQEEYV FLDRYFYNQEEYVRF,YRESLRNLR TQTYRESLRNLRGYY,FNGTERVRL CHFFNGTERVRLLER,FTVQRRVQP VESFTVQRRVQPKVT,LIQNGDWTF STGLIQNGDWTFQTL,YFHTSVSRP SMRYFHTSVSRPGRG,FYNQEEFVR FLERLFYNQEEFVRF,AQTDRVNLR KRQAQTDRVNLRKLR,MRYFYTSVS SHSMRYFYTSVSRPG,LSFYPAEIT LRCWALSFYPAEITL,LKEDLRSWT IALKEDLRSWTAADM,,,,,RYFYTAMSR SMRYFYTAMSRPGRG,FYTAVSRPG HSMRYFYTAVSRPGR,AVMWRRKSS AAVMWRRKSSDRKGG,WTAADKAAQ LRSWTAADKAAQITQ
AQADRVNLR KRQAQADRVNLRKLR,PIMGIVAGL SSQPTIPIMGIVAGL,VYRAVTPLG DVEVYRAVTPLGPPD,FDSDVGEYR YVRFDSDVGEYRAVT,YNQSEAGSH YNQSEAGSHIIQRMY,MRYFHTSVS SHSMRYFHTSVSRPG,FYTSVSRPG RYFYTSVSRPGRGEP,FRGILQRRV YEVAFRGILQRRVEP,,AVMWRRNSS VAAVMWRRNSSDRKG,YLENGKKTL LRRYLENGKKTLQRA,,,QIYKAQAQT RNTQIYKAQAQTDRE,IQIMYGCDV SHTIQIMYGCDVGPD,KTHVTHHPL EPPKTHVTHHPLSDH,IIVEWRAQS QNPIIVEWRAQSESA,QRKLEAARA QITQRKLEAARAAEQ,LSFYPAEIT CWALSFYPAEITLTW,LRRYLKNGK VEWLRRYLKNGKETL,MRYFYTAMS HSMRYFYTAMSRPGR,YFDTAVSRP SMRYFDTAVSRPGRG,WTAADKAAQ LRSWTAADKAAQITQ,VVTAMMCRR LGAVVTAMMCRRKSS,MVAVVMCRR LGAMVAVVMCRRKSS,LQRTDAPKT KETLQRTDAPKTHMT,YRAVTELGR VGEYRAVTELGRPSA,WQRMYGCDL AGSHTWQRMYGCDLG,FTVQRRVEP GESFTVQRRVEPKVT,RFLWQPKRE TRPRFLWQPKRECHF,ILEQARAAV QKDILEQARAAVDTY,LRTLLRYYN REDLRTLLRYYNQSE,FNGTERVQF CHFFNGTERVQFLER,YVDDTQFVQ AVGYVDDTQFVQFDS,RTYLEGTCV EQLRTYLEGTCVEWL,VAAVRWRRK VAAVRWRRKSSDRKG,FLRGYHQYA RFLRGYHQYAYDGKD,,,,,LRAYLEGLC AEQLRAYLEGLCVEW,KTHVTHHLV EHPKTHVTHHLVSDH,FLRGYRQDA DGRFLRGYRQDAYDG,LQRMYGCDL SHTLQRMYGCDLGPD
DRVNLRKLR AQADRVNLRKLRGYY,YYNQSEDGS LRGYYNQSEDGSHTL,CRHNYQLEL TVCRHNYQLELRTTL,SFTVQRRVY VGESFTVQRRVYPEV,GLCVESLRR LEGLCVESLRRYLEN,LRRHLENGK VEWLRRHLENGKETL,YVRFDSDVG QEEYVRFDSDVGEFR,LIIRQRSQK GLGLIIRQRSQKGLL,,KRKWEAAHV TKRKWEAAHVAEQQR,LRSWTAADK DLRSWTAADKAAQIT,,,YKAQAQTDR TQIYKAQAQTDRESL,YTSVSRPGR SMRYFYTSVSRPGRG,PRFISVGYV RGEPRFISVGYVDDT,VYQFKGMCY VYQFKGMCYFTNGTE,YFDTAVSRP SMRYFDTAVSRPGRG,GLVLFGAVI IIAGLVLFGAVITGA,GLCVEWLRR LRAYLEGLCVEWLRR,FVRFDSDAT TLFVRFDSDATSPRK,LEAARAAEQ QRKLEAARAAEQLRA,FVQFDSDAA TQFVQFDSDAASPRG,IMGIVAGLA TIPIMGIVAGLAVLV,MRYFSTSVS SHSMRYFSTSVSWPG,AAHVAEQLR KWEAAHVAEQLRAYL,VMLEMTPQH QILVMLEMTPQHGDV,WEPSSQSTI TLRWEPSSQSTIPIV,PRFLWQLKF GDTRPRFLWQLKFEC,YFYNQEESV LDRYFYNQEESVRFD,VQRRVQPKV SFTVQRRVQPKVTVY,MRYFHTSVS SHSMRYFHTSVSRPG,FVRFDSDVG QEEFVRFDSDVGEYR,FAYDGKDYI YNQFAYDGKDYIALN,NEDLSSWTA IALNEDLSSWTAADT,VGYVDDTLF FITVGYVDDTLFVRF,FGAVITGAV VLFGAVITGAVVAAV,,,,,QIYKAQAQT RNTQIYKAQAQTDRE,FLEYSTSEC RPRFLEYSTSECHFF,VYLEGRCVD QRRVYLEGRCVDGLR,WGPSSQPTI TLRWGPSSQPTIPIV
FNGTERVRL CHFFNGTERVRLLER,HEGLQEPLT HMQHEGLQEPLTLSW,LRTTLQRRV NYQLELRTTLQRRVE,VRFDSDVGE QEEYVRFDSDVGEYR,MRYFYTAMS GSHSMRYFYTAMSRP,YVDGTQFVR SVGYVDGTQFVRFDS,FDSDVGEFR YVRFDSDVGEFRAVT,LGLIIRQRS IFLGLGLIIRQRSQK,,FLRGYHQYA GSDGRFLRGYHQYAY,LQRMYGCDL AGSHTLQRMYGCDLG,,,GRLLRGHDQ GPDGRLLRGHDQYAY,VGPDGRFLR GCDVGPDGRFLRGYR,VVLAVLGAV AVLVVLAVLGAVVTA,VYQFKGMCY EDFVYQFKGMCYFTN,LEAARAAEQ QRKLEAARAAEQLRA,WEAAHVAEQ KHKWEAAHVAEQLRA,VRFLDRYFH TERVRFLDRYFHNQE,YFYTAMSRP SMRYFYTAMSRPGRG,FDTAVSRPG MRYFDTAVSRPGRGE,AQTDRVNLR KRQAQTDRVNLRKLR,YKRQAQADR TQKYKRQAQADRVSL,LLRGYNQFA DGRLLRGYNQFAYDG,AHVAEQLRA WEAAHVAEQLRAYLE,VRYVTRYIY GTERVRYVTRYIYNR,LCVEWLRRY LEGLCVEWLRRYLEN,SFTVQRRVE YGVGESFTVQRRVEP,SFTVQRRVQ VVESFTVQRRVQPKV,RVRLVTRYI GTERVRLVTRYIYNR,LLRYYNQSE DLRTLLRYYNQSEAG,LFYNQEEFV LERLFYNQEEFVRFD,DRVNLRKLR AQTDRVNLRKLRGYY,LQRADPPKT KETLQRADPPKTHVT,YRESLRNLR TQTYRESLRNLRGYY,KAHSQTHRV RKVKAHSQTHRVDLG,,,,,FYTAMSRPG MRYFYTAMSRPGRGE,YSTSECHFF FLEYSTSECHFFNGT,IQIMYGCDV GSHTIQIMYGCDVGP,LLRGYNQFA DGRLLRGYNQFAYDG
PRFLWQLKF TRPRFLWQLKFECHF,EGLQEPLTL MQHEGLQEPLTLSWE,LGLIIHHRS IFLGLGLIIHHRSQK,LLEQKRAAV QKDLLEQKRAAVDTY,FYTAVSRPG SMRYFYTAVSRPGRG,LRWGPSSQP PLTLRWGPSSQPTIP,VRFDSDVGE EYVRFDSDVGEFRAV,FDSDVGVYR YARFDSDVGVYRAVT,,CVDGLRRYL GTCVDGLRRYLENGK,WTAADKAAQ LRSWTAADKAAQITQ,,,WDRNTQIYK EYWDRNTQIYKAQAQ,LERADPPKT KDKLERADPPKTHVT,AAEQLRAYL KLEAARAAEQLRAYL,IIVEWRAQS QNPIIVEWRAQSESA,FDTAVSRPG MRYFDTAVSRPGRGE,WRFLRGYHQ GSDWRFLRGYHQYAY,ILEDERAAV QKDILEDERAAVDTY,YRENLRTAL TQTYRENLRTALRYY,IMGIVAGLA TIPIMGIVAGLAVLV,YVDDTQFVQ AVGYVDDTQFVQFDS,RKLEAARAA ITQRKLEAARAAEQL,YFSTSVSWP MRYFSTSVSWPGRGE,TLRCWALSF EATLRCWALSFYPAE,RVRYVTRYI FTNGTERVRYVTRYI,,VRLLERCIY TERVRLLERCIYNQE,QRRVQPKVT FTVQRRVQPKVTVYP,LVTRYIYNR RLVTRYIYNREEYAR,DGRLLRGYH VGPDGRLLRGYHQDA,VQFLERLFY GTERVQFLERLFYNQ,VQFDSDAAS TQFVQFDSDAASPRG,LSSWTAADT NEDLSSWTAADTAAQ,YVDDTLFVR RFITVGYVDDTLFVR,VGSDWRFLR YGCDVGSDWRFLRGY,,,,,RLLRGHNQL GRLLRGHNQLAYDGK,FRAVTELGR VGEFRAVTELGRPDA,TLRWELSSQ KPLTLRWELSSQPTI,FVQFDSDAA DTQFVQFDSDAASPR
YNQEESVRF ERCIYNQEESVRFDS,TLSWEPSSQ PLTLSWEPSSQPTIP,LVCSVTDFY NLLVCSVTDFYPAQI,FTVQRRVYP GESFTVQRRVYPEVT,FVQFDSDAA DTQFVQFDSDAASPR,LRSWTAADK EDLRSWTAADKAAQI,FYPAQIKVR VTDFYPAQIKVRWFR,FRGILQRRV EVAFRGILQRRVEPT,,IGAVVATVM VVVIGAVVATVMCRR,LLRGYNQFA GPDGRLLRGYNQFAY,,,NTQIYKAQA YWDRNTQIYKAQAQT,YFHTAMSRP SMRYFHTAMSRPGRG,VVTAMMCRR LGAVVTAMMCRRKSS,,MRYFDTAVS SHSMRYFDTAVSRPG,AADMAAQTT WTAADMAAQTTKHKW,VRFLDRYFH GTERVRFLDRYFHNQ,LRYYNQSEA RTALRYYNQSEAGSH,LAVLVVLAV VAGLAVLVVLAVLGA,FAYDGKDYI YNQFAYDGKDYIALN,YFDTAVSRP SMRYFDTAVSRPGRG,SMRYFSTSV GSHSMRYFSTSVSWP,LSFYPAEIT CWALSFYPAEITLTW,YVTRYIYNR RVRYVTRYIYNREEY,,RVRLLERCI GTERVRLLERCIYNQ,YGVVESFTV RHNYGVVESFTVQRR,FVFQFKGMC PEDFVFQFKGMCYFT,ETQICKAKA WDRETQICKAKAQTD,ILEDRRGQV QKDILEDRRGQVDTV,GYVDDTQFV IAVGYVDDTQFVQFD,TYLEGTCVE TYLEGTCVEWLRRYL,YFHTSVSRP SMRYFHTSVSRPGRG,YIALNEDLS GKDYIALNEDLSSWT,,,,,YTAMSRPGR RYFYTAMSRPGRGEP,FFNGTERVR ECHFFNGTERVRFLD,LLRGHNQYA GRLLRGHNQYAYDGK,LRSWTAADK NEDLRSWTAADKAAQ
RVRLLERCI GTERVRLLERCIYNQ,TCHMQHEGL EQRYTCHMQHEGLQE,VLERTRAEL QKEVLERTRAELDTV,FYHQEEYVR DRYFYHQEEYVRFDS,LQRMYGCDL SHTLQRMYGCDLGPD,TLRWGPSSQ EPLTLRWGPSSQPTI,YIYNREEYA YVTRYIYNREEYARF,VRLVTRYIY GTERVRLVTRYIYNR,,AVVATVMCR VIGAVVATVMCRRKS,FVQFDSDAA TQFVQFDSDAASPRG,,,LRGHDQYAY GRLLRGHDQYAYDGK,AAQISQRKL ADTAAQISQRKLEAA,MRYFDTAVS HSMRYFDTAVSRPGR,,YGVVESFTV RHNYGVVESFTVQRR,HKWEAAHVA TKHKWEAAHVAEQLR,VRLVTRHIY GTERVRLVTRHIYNR,RYFYTAMSR RYFYTAMSRPGRGEP,IVAGLAVLV IMGIVAGLAVLVVLA,VVMCRRKSS VMAVVMCRRKSSGGK,MGIVAGLAV IPIMGIVAGLAVLVV,VLAVLGAMV VLAVLAVLGAMVAVV,WALSFYPAE LRCWALSFYPAEITL,FKAMCYFTN FVYQFKAMCYFTNGT,,FLWQLKFEC RPRFLWQLKFECHFF,DILEQARAA SQKDILEQARAAVDT,VRLVTRYIY VRLVTRYIYNREEYA,QICKAKAQT RETQICKAKAQTDRE,FYNQEEFVR ERLFYNQEEFVRFDS,RVRYLHRGI GTERVRYLHRGIYNQ,IALNEDLSS KDYIALNEDLSSWTA,PRFITVGYV PRFITVGYVDDTLFV,FYTAMSRPG RYFYTAMSRPGRGEP,,,,,DRESLRNLR QAQTDRESLRNLRGY,FNGTERVRF CHFFNGTERVRFLDR,IFKTNTQTY TQIFKTNTQTYRENL,FLEYSTSEC RPRFLEYSTSECHFF
FLWQLKFEC RPRFLWQLKFECHFF,LAVLGAVVT LVVLAVLGAVVTAMM,IIHHRSQKG LGLIIHHRSQKGLLH,VNGFYPGSI LVCSVNGFYPGSIEV,LRSWTAADK NEDLRSWTAADKAAQ,FDSDAASPR FVQFDSDAASPRGEP,TVCRHNYQL ELDTVCRHNYQLELR,YIYNREEYA LVTRYIYNREEYARF,,VIGAVVATV AVVVIGAVVATVMCR,LRRYLENGK CVEWLRRYLENGKKT,,,LQRMSGCDL GSHTLQRMSGCDLGP,FHTAMSRPG MRYFHTAMSRPGRGE,RKLEAARAA ITQRKLEAARAAEQL,,CRHNYGVVE TYCRHNYGVVESFTV,FLRGYHQYA RFLRGYHQYAYDGKD,YRAVTPQGR VGVYRAVTPQGRPVA,MRYFYTAMS HSMRYFYTAMSRPGR,FDTAVSRPG MRYFDTAVSRPGRGE,VMAVVMCRR LGAVMAVVMCRRKSS,RFISVGYVD EPRFISVGYVDDTQF,FVRFDSDVG EEFVRFDSDVGEYRA,WEAAHVAEQ KHKWEAAHVAEQLRA,VRYVTRYIY ERVRYVTRYIYNREE,,LKFECHFFN FLWQLKFECHFFNGT,FLNGQEEKA VRWFLNGQEEKAGMV,VFQFKGMCY VFQFKGMCYFTNGTE,PRFITVGYV PRFITVGYVDDTLFV,FDSDVGVYR EYARFDSDVGVYRAV,YLHRGIYNQ RVRYLHRGIYNQEEN,FAYDGKDYI HNQFAYDGKDYIALN,FVRFDSDAT TLFVRFDSDATSPRK,AVVATVMCR VIGAVVATVMCRRKS,,,,,LLRGHNQLA LLRGHNQLAYDGKDY,FRAVTELGR VGEFRAVTELGRPDA,YRENLRIAL QTYRENLRIALRYYN,YFHNQEENV LDRYFHNQEENVRFD
WQLKFECHF PRFLWQLKFECHFFN,LQRAEPPKT KETLQRAEPPKTHVT,YQLELRTTL RHNYQLELRTTLQRR,YFYHQEEYV FLDRYFYHQEEYVRF,MRYFYTAVS SHSMRYFYTAVSRPG,WTAADKAAQ LRSWTAADKAAQITQ,VMLEMTPQH QILVMLEMTPQHGDV,,,RAYLEGLCV QWRAYLEGLCVEWLR,YLENGKKTL LRRYLENGKKTLQRA,,,TQKYKRQAQ YWDRETQKYKRQAQA,LEAARVAEQ RKLEAARVAEQLRAY,MMCRRKSSG MMCRRKSSGGKGGSC,,LLEQRRAAV QKDLLEQRRAAVDTY,TLRWEPSSQ KPLTLRWEPSSQPTI,RVRLVTRHI GTERVRLVTRHIYNR,YFYTAMSRP YFYTAMSRPGRGEPR,RVSLRNLRG QADRVSLRNLRGYYN,VQFDSDAAS TQFVQFDSDAASPRG,IVAGLAVLV PIMGIVAGLAVLVVL,LFYNQEEFV FLERLFYNQEEFVRF,WRFLRGYHQ GSDWRFLRGYHQYAY,RVRYVTRYI GTERVRYVTRYIYNR,,LLEQRRAAV QKDLLEQRRAAVDTY,ILEQARAAV QKDILEQARAAVDTY,LVTRYIYNR RLVTRYIYNREEYAR,YFHTSVSRP SMRYFHTSVSRPGRG,RVRLVTRYI GTERVRLVTRYIYNR,LKQDKFECH QPRFLKQDKFECHFF,YTSVSRPGR SMRYFYTSVSRPGRG,YRESLRNLR TQTYRESLRNLRGYY,IGAVVATVM VVVIGAVVATVMCRR,,,,,YKAQAQTDR TQIYKAQAQTDRESL,YEVGYRGIL RHNYEVGYRGILQRR,CVEWLRRHL AYLEGLCVEWLRRHL,SFTVQRRVH VVESFTVQRRVHPKV
LKFECHFFN FLWQLKFECHFFNGT,QRKLEAARA QITQRKLEAARAAEQ,AQIKVRWFR FYPAQIKVRWFRNDQ,VYPAKTQPL EVTVYPAKTQPLQHH,TAADKAAQI RSWTAADKAAQITQR,WGPSSQPTI LTLRWGPSSQPTIPI,VYRAVTPLG DVEVYRAVTPLGPPD,,,PRMAPRAPW AASPRMAPRAPWIEQ,LLRGYNQFA GRLLRGYNQFAYDGK,,,VRFDSDVGE EESVRFDSDVGEYRA,QRKLEAARV QISQRKLEAARVAEQ,DRVSLRNLR KRQAQADRVSLRNLR,,VVESFTVQR NYGVVESFTVQRRVY,YVDDTLFVR FITVGYVDDTLFVRF,YEVGYRGIL RHNYEVGYRGILQRR,LRTALRYYN YRENLRTALRYYNQS,QRYTCHMQH QEQRYTCHMQHEGLQ,DRVNLRKLR AQTDRVNLRKLRGYY,MRYFDTAVS SHSMRYFDTAVSRPG,VQRRVHPEV SFTVQRRVHPEVTVY,DWRFLRGYH GCDVGSDWRFLRGYH,VMLEMTPQH VMLEMTPQHGDVYTC,,FNGTERVRL CHFFNGTERVRLLER,KAGMVSTGL QEEKAGMVSTGLIQN,RVRLVTRYI FTNGTERVRLVTRYI,LQNMYGCDV AGSHTLQNMYGCDVG,YARFDSDVG REEYARFDSDVGVYR,VRYLHRGIY TERVRYLHRGIYNQE,AVMAVVMCR VLGAVMAVVMCRRKS,YFHTSVSRP HSMRYFHTSVSRPGR,MRYFYTAMS SHSMRYFYTAMSRPG,,,,,WDRNTQIYK EYWDRNTQIYKAQAQ,FYPGQIKVQ VTDFYPGQIKVQWFR,YRENLRIAL TQTYRENLRIALRYY,FRAVTELGR VGEFRAVTELGRPDA
FNGTERVRL CHFFNGTERVRLLER,LEAARAAEQ QRKLEAARAAEQLRA,,LVCSVNGFY NLLVCSVNGFYPGSI,LRSWTAADK DLRSWTAADKAAQIT,FVQFDSDAA TQFVQFDSDAASPRG,VRYVTRYIY GTERVRYVTRYIYNR,,,TVMCRRKSS TVMCRRKSSGGKGGS,KTGVVSTGL QEEKTGVVSTGLIHN,,,FDSDVGEYR SVRFDSDVGEYRAVT,MRYFHTAMS SHSMRYFHTAMSRPG,VTAMMCRRK VTAMMCRRKSSGGKG,,,YFHTSVSRP SMRYFHTSVSRPGRG,FYPGQIKVQ TDFYPGQIKVQWFRN,IQRMYGCDV AGSHIIQRMYGCDVG,AMMCRRKSS TAMMCRRKSSGGKGG,GYVDDTQFV IAVGYVDDTQFVQFD,LQRAEPPKT KETLQRAEPPKTHVT,VYPAKTQPL EVTVYPAKTQPLQHH,RCWALSFYP ATLRCWALSFYPAEI,FVYQFKAMC EDFVYQFKAMCYFTN,,PRFLWQLKF DTRPRFLWQLKFECH,VQRRVQPKV SFTVQRRVQPKVTVY,VRLVTRYIY GTERVRLVTRYIYNR,EDLRTLLRY KAQTDREDLRTLLRY,FDSDVGVYR YARFDSDVGVYRAVT,IYNQEENVR HRGIYNQEENVRFDS,LAVLGAVMA LAVLAVLGAVMAVVM,MRYFHTSVS SHSMRYFHTSVSRPG,YIALNEDLS GKDYIALNEDLSSWT,,,,,GLCVEWLRR LRAYLEGLCVEWLRR,YWNSQKEVL VAEYWNSQKEVLERT,LCVEWLRRH LEGLCVEWLRRHLEN,VQRRVHPKV SFTVQRRVHPKVTVY
VRLLERCIY TERVRLLERCIYNQE,MRYFDTAVS SHSMRYFDTAVSRPG,,FTVQRRVYP GESFTVQRRVYPEVT,NEDLRSWTA IALNEDLRSWTAADK,VMAVVMCRR LGAVMAVVMCRRKSS,CRHNYQLEL TVCRHNYQLELRTTL,,,EAEQWRAYL AAREAEQWRAYLEGL,HFHNQEELL LLERHFHNQEELLRF,,,YNQEESVRF DRYFYNQEESVRFDS,RVSLRNLRG AQTDRVSLRNLRGYY,LGAVVTAMM VLAVLGAVVTAMMCR,,,LRTLLRYYN REDLRTLLRYYNQSE,YRGILQRRV EVGYRGILQRRVEPT,CVESLRRYL GLCVESLRRYLENGK,TQRKLEAAR AQITQRKLEAARAAE,YVTRYIYNR RVRYVTRYIYNREEY,PRFISVGYV RGEPRFISVGYVDDT,SFTVQRRVH VGESFTVQRRVHPEV,FLRGYHQYA RFLRGYHQYAYDGKD,,,FLWQLKFEC RPRFLWQLKFECHFF,FYPGQIKVR TDFYPGQIKVRWFRN,,LLRGYHQDA DGRLLRGYHQDAYDG,VRLVTRYIY GTERVRLVTRYIYNR,VYRAVTPLG FDSDVGVYRAVTPLG,LQWMYGCDL SHTLQWMYGCDLGPD,FVRFDSDAT DTLFVRFDSDATSPR,PSSQSTIPI LRWEPSSQSTIPIVG,,,,,NTQIYKAQA YWDRNTQIYKAQAQT,RVRLVTRYI GTERVRLVTRYIYNR,LLRGHNQYA GRLLRGHNQYAYDGK,VVSTGLIHN KTGVVSTGLIHNGDW
YNQEESVRF RCIYNQEESVRFDSD,YGVVESFTV RHNYGVVESFTVQRR,,IIVEWRAQS QNPIIVEWRAQSESA,LTLRWGPSS PEPLTLRWGPSSQPT,TDRVNLRKL KRQAQTDRVNLRKLR,RVRYVTRYI FTNGTERVRYVTRYI,,,VATVMCRRK VATVMCRRKSSGGKG,FRAVTELGR VGEFRAVTELGRPVA,,,LLEDRRAAV QKDLLEDRRAAVDTY,YLKNGKETL LRRYLKNGKETLQRA,AAQITQRKL TAAQITQRKLEAARA,,,MRYFHTSVS SHSMRYFHTSVSRPG,VRLVTRHIY TERVRLVTRHIYNRE,LCVESLRRY LEGLCVESLRRYLEN,KTHVTHHPL EPPKTHVTHHPLSDH,VMLEMTPQH QILVMLEMTPQHGDV,ADRVSLRNL QAQADRVSLRNLRGY,FTVQRRVHP GESFTVQRRVHPEVT,FGAVITGAV LVLFGAVITGAVVAA,,,FYPSQIKVR TDFYPSQIKVRWFRN,YEVAFRGIL RHNYEVAFRGILQRR,,SMRYFHTSV GSHSMRYFHTSVSRP,YIYNREEYA LVTRYIYNREEYARF,TGVVSTPLI EETTGVVSTPLIRNG,VMAVVMCRR LGAVMAVVMCRRKSS,VVAVVMCRR LGAVVAVVMCRRKSS,YTAMSRPGR RYFYTAMSRPGRGEP,,,,,LCVEWLRRY YLEGLCVEWLRRYLE,YIYNREEYA LVTRYIYNREEYARF,FKTNTQTYR FKTNTQTYRENLRIA,FTVQRRVHP VESFTVQRRVHPKVT
IYNQEESVR ERCIYNQEESVRFDS,YCRHNYGVV VDNYCRHNYGVVESF,,VYRAVTPLG VGVYRAVTPLGPPAA,MRYFYTAVS CSHSMRYFYTAVSRP,LRSWTAADK NEDLRSWTAADKAAQ,LRTTLQRRV NYQLELRTTLQRRVE,,,WRAYLEGLC EQWRAYLEGLCVEWL,YFFNGTERV GECYFFNGTERVRLL,,,FYNQEESVR RYFYNQEESVRFDSD,GLCVEWLRR AYLEGLCVEWLRRYL,LQRAEPPKT KETLQRAEPPKTHVT,,,LLRYYNQSE DLRTLLRYYNQSEAG,QIKVQWFRN FYPGQIKVQWFRNDQ,FVRFDSDAT DTLFVRFDSDATSPR,PRFISVGYV RGEPRFISVGYVDDT,FKAMCYFTN DFVYQFKAMCYFTNG,LEAARAAEQ QRKLEAARAAEQLRA,VQFLERLFY GTERVQFLERLFYNQ,YIALKEDLR GKDYIALKEDLRSWT,,,SQIKVRWFR FYPSQIKVRWFRNDQ,GQIKVRWFR FYPGQIKVRWFRNDQ,,DLRTLLRYY AQTDREDLRTLLRYY,IIVEWRAQS QNPIIVEWRAQSESA,TVCRHNYQL LDTVCRHNYQLELRT,VVMCRRKSS VMAVVMCRRKSSGGK,ALGFYPTEI LRCWALGFYPTEITL,FDSDAASPR VRFDSDAASPRMAPR,,,,,MRYFYTAMS SHSMRYFYTAMSRPG,IIRQRSQKG LGLIIRQRSQKGLLH,CVEWLRRHL EGLCVEWLRRHLENG,FDSDVGEFR NVRFDSDVGEFRAVT
CIYNQEESV LERCIYNQEESVRFD,CRHNYGVVE NYCRHNYGVVESFTV,,IIVEWRAQS QNPIIVEWRAQSESA,YLENGKKTL LRRYLENGKKTLQRA,LRGYYNQSE RKLRGYYNQSEAGSH,LGLIIHHRS IFLGLGLIIHHRSQK,,,ATVMCRRKS ATVMCRRKSSGGKGG,LEYSTGECY RPRFLEYSTGECYFF,,,SFTVQRRVQ YGVGESFTVQRRVQP,RAYLEGLCV EQLRAYLEGLCVEWL,LQRMSGCDL GSHTLQRMSGCDLGP,,,PRFITVGYV PRFITVGYVDDTLFV,,FQRMYGCDL GSHTFQRMYGCDLGP,VVLAVLGAV AVLVVLAVLGAVVTA,RVRYVTRYI GTERVRYVTRYIYNR,ARAAEQLRA KLEAARAAEQLRAYL,YKCHFFNGT GKYKCHFFNGTERVQ,VGYVDDTLF FITVGYVDDTLFVRF,,,FYPSQIKVR TDFYPSQIKVRWFRN,LVTRYIYNR RLVTRYIYNREEYAR,,TVGYVDDTL RFITVGYVDDTLFVR,,FDSDVGVYR YARFDSDVGVYRAVT,VMAVVMCRR LGAVMAVVMCRRKSS,FYPTEITLT ALGFYPTEITLTWQR,MRYFYTAMS HSMRYFYTAMSRPGR,,,,,FQKWAAVMV DGTFQKWAAVMVPSG,YNREEYARF RYIYNREEYARFDSD,IFKTNTQTY NTQIFKTNTQTYREN,PRFLEYSTS DTRPRFLEYSTSECH
LLEQRRAAV QKDLLEQRRAAVDTY,VVESFTVQR NYGVVESFTVQRRVH,,,FYTAVSRPG MRYFYTAVSRPGRGE,LTLRWGPSS EPLTLRWGPSSQPTI,LVCSVTDFY NLLVCSVTDFYPAQI,,,VVATVMCRR IGAVVATVMCRRKSS,YCRHNYGAV DTYCRHNYGAVESFT,,,FLWQPKREC FLWQPKRECHFFNGT,VEWLRRYLK GLCVEWLRRYLKNGK,ITQRKLEAA AAQITQRKLEAARAA,,,TVGYVDDTL RFITVGYVDDTLFVR,,YLENGKKTL LRRYLENGKKTLQRA,AAEQLRAYL KLEAARAAEQLRAYL,FVYQFKAMC EDFVYQFKAMCYFTN,LQRMSGCDL DGSHTLQRMSGCDLG,LTVEWRARS MSPLTVEWRARSESA,EVTLRCWAL DHEVTLRCWALGFYP,,,SQIKVRWFR YPSQIKVRWFRNDQE,FRGILQRRV EVAFRGILQRRVEPT,,YVDDTLFVR FITVGYVDDTLFVRF,,YRAVTPLGP VGVYRAVTPLGPPDA,FFNGTERVR FFNGTERVRFLDRYF,FYTAVSRPS MRYFYTAVSRPSRGE,VVATVMCRR IGAVVATVMCRRKSS,,,,,VVMCRRKSS VVMCRRKSSGGKGGS,VRLVTRYIY VRLVTRYIYNREEYA,IQRMYGCDL AGSHIIQRMYGCDLG,FLEYSTSEC RPRFLEYSTSECHFF
FYPSQIKVR VTDFYPSQIKVRWFR,FRAVTLLGL VGEFRAVTLLGLPAA,,,LRWGPSSQP PLTLRWGPSSQPTIP,YLENGKKTL LRRYLENGKKTLQRA,VLERTRAEL QKEVLERTRAELDTV,,,YYNQSEARS LRGYYNQSEARSHII,VQRRVHPKV SFTVQRRVHPKVTVY,,,YRAVTELGR VGEYRAVTELGRPDA,IQRMYGCDV SHIIQRMYGCDVGPD,LEAARAAEQ QRKLEAARAAEQLRA,,,YSQAACSDS GGSYSQAACSDSAQG,,LLRGYDQFA GRLLRGYDQFAYDGK,VVTAMMCRR LGAVVTAMMCRRKSS,FDSDVEVYR YARFDSDVEVYRAVT,IMGIVAGLA TIPIMGIVAGLAVLV,RFLWQGKYK TQPRFLWQGKYKCHF,IQRMYGCDV SHIIQRMYGCDVGPD,,,,FVFQFKGMC PEDFVFQFKGMCYFT,,LLRYYNQSE RTLLRYYNQSEAGSH,,RVRLVTRYI GTERVRLVTRYIYNR,FLEDRRAAV QKDFLEDRRAAVDTY,YFYTAVSRP SMRYFYTAVSRPSRG,ATVMCRRKS VATVMCRRKSSGGKG,,,,,LQRAEHPKT KETLQRAEHPKTHVT,LVTRYIYNR LVTRYIYNREEYARF,VMAVVMCRR LGAVMAVVMCRRKSS,VRFLDRYFH TERVRFLDRYFHNQE
YVRFDSDVG REEYVRFDSDVGVYR,FYPAQIKVR VTDFYPAQIKVRWFR,,,TLRWGPSSQ EPLTLRWGPSSQPTI,LAVLGAVMA LAVLAVLGAVMAVVM,IIHHRSQKG LGLIIHHRSQKGLLH,,,ARSHIIQRM YYNQSEARSHIIQRM,VESFTVQRR GAVESFTVQRRVHPK,,,SIEVRWFLN YPGSIEVRWFLNGQE,LRRYLKNGK VEWLRRYLKNGKETL,FNGTERVRY CHFFNGTERVRYLDR,,,SHTLQNMYG EAGSHTLQNMYGCDV,,FQRMYGCDL DGSHTFQRMYGCDLG,MRYFDTAVS HSMRYFDTAVSRPGR,VMLEMTPQH QILVMLEMTPQHGDV,VVTAMMCRR VLGAVVTAMMCRRKS,YRAVTELGR VGEYRAVTELGRPVA,YLEGLCVES DRAYLEGLCVESLRR,,,,VFQFKGMCY VFQFKGMCYFTNGTE,,DTLFVRFDS VDDTLFVRFDSDAAS,,YIYNREEYA LVTRYIYNREEYARF,YFYNQEEYV LDRYFYNQEEYVRFD,LGFYPTEIT LRCWALGFYPTEITL,VIGAVVATV AVVVIGAVVATVMCR,,,,,WAAVMVPSG FQKWAAVMVPSGEEQ,IYNREEYAR RYIYNREEYARFDSD,AQTDRVNLR KRQAQTDRVNLRKLR,SFTVQRRVH VVESFTVQRRVHPKV
VRGVTRHIY TERVRGVTRHIYNRE,RVRLVSRSI GTERVRLVSRSIYNR,,,FVQFDSDAA DTQFVQFDSDAASPR,AVMAVVMCR VLAVLGAVMAVVMCR,YQLELRTTL RHNYQLELRTTLQRR,,,RSHIIQRMY EARSHIIQRMYGCDV,FNGTERVRL FFNGTERVRLLERHF,,,LLEDRRAAV QKDLLEDRRAAVDTY,YNQSEAGSH YNQSEAGSHIIQRMY,VDNYCRHNY RGRVDNYCRHNYGVV,,,LRTLLRYYN REDLRTLLRYYNQSE,,FLEYSTSEC RPRFLEYSTSECHFF,RKLEAARAA ITQRKLEAARAAEQL,VRYVTRYIY GTERVRYVTRYIYNR,MRYFDTAVS SHSMRYFDTAVSRPG,FLERLFYNQ VQFLERLFYNQEEFV,GYVDDTLFV ITVGYVDDTLFVRFD,,,,RVRLVTRYI GTERVRLVTRYIYNR,,LRTLLRYYN REDLRTLLRYYNQSE,,YNREEYARF RYIYNREEYARFDSD,FYNQEEYVR FYNQEEYVRFDSDVG,VVAVVMCRR LGAVVAVVMCRRKSS,IALNEDLSS KDYIALNEDLSSWTA,,,,,VVAVVMCRR VLGAVVAVVMCRRKS,LIIRQRSQK GLGLIIRQRSQKGLL,IQRMYGCDL AGSHIIQRMYGCDLG,FRAVTELGR VGEFRAVTELGRPDA
ICSVTDFYP NLLICSVTDFYPSQI,MLSGIGGFV QSKMLSGIGGFVLGL,,,WTAADKAAQ LRSWTAADKAAQITQ,LQRMYGCDL SHTLQRMYGCDLGPD,AQIKVRWFR FYPAQIKVRWFRNDQ,,,YYNQSEARS LRGYYNQSEARSHII,VRLLERHFH GTERVRLLERHFHNQ,,,FTVQRRVQP ESFTVQRRVQPKVTV,DRVSLRNLR AQTDRVSLRNLRGYY,LLEQKRGRV QKDLLEQKRGRVDNY,,,FHTSVSRPG MRYFHTSVSRPGRGE,,RFLEYSTSE DTRPRFLEYSTSECH,MMCRRKSSG MMCRRKSSGGKGGSC,,IVAGLAVLV IPIMGIVAGLAVLVV,LFYNQEEFV FLERLFYNQEEFVRF,LEGLCVESL RAYLEGLCVESLRRY,,,,CYFTNGTER QFKGMCYFTNGTERV,,FQKWAAVMV DGTFQKWAAVMVPSG,,VRLVTRYIY VRLVTRYIYNREEYA,VRFLDRYFY TERVRFLDRYFYNQE,FYPTEITLT ALGFYPTEITLTWQR,PRMAPRAPW AASPRMAPRAPWIEQ,,,,,YKRQAQTDR TQKYKRQAQTDRVSL,RVRLVTRYI GTERVRLVTRYIYNR,TDRVNLRKL RQAQTDRVNLRKLRG,FYPGQIKVR VTDFYPGQIKVRWFR
YRGILQRRV NYEVAYRGILQRRVE,CSVTDFYPA LLVCSVTDFYPAQIK,,,YKRQAQTDR TQKYKRQAQTDRVNL,AQITQRKWE KAAQITQRKWEAARE,FYPAQIKVR VTDFYPAQIKVRWFR,,,FLEYSTSEC RPRFLEYSTSECHFF,YGAVESFTV RHNYGAVESFTVQRR,,,YFYNQEESV FLDRYFYNQEESVRF,AQTDRVSLR KRQAQTDRVSLRNLR,VRYLDRYFH TERVRYLDRYFHNQE,,,ICKAKAQTD RETQICKAKAQTDRE,,YFYNQEEYV LDRYFYNQEEYVRFD,DRVSLRNLR KRQAQADRVSLRNLR,,SFTVQRRVQ VVESFTVQRRVQPKV,VYPAKTQPL EVTVYPAKTQPLQHH,GLCVESLRR LEGLCVESLRRYLEN,,,,VRLVTRYIY VRLVTRYIYNREEYA,,MKYFFTSVS CSHSMKYFFTSVSRP,,TTGVVSTPL QEETTGVVSTPLIRN,FLEDRRAAV QKDFLEDRRAAVDTY,FYTAVSRPS MRYFYTAVSRPSRGE,LQRADPPKT KETLQRADPPKTHVT,,,,,KYFFTSVSR SHSMKYFFTSVSRPG,VTRYIYNRE RLVTRYIYNREEYAR,LRGHDQLAY GRLLRGHDQLAYDGK,RVRLVTRHI GTERVRLVTRHIYNR
LGLIIRQRS LIFLGLGLIIRQRSR,SKMLSGIGG SAQSKMLSGIGGFVL,,,LQRMYGCDL SHTLQRMYGCDLGPD,KAAQITQRK ADKAAQITQRKWEAA,YQLELRTTL HNYQLELRTTLQRRV,,,VRFLDRYFH TERVRFLDRYFHNQE,FDSDVGEFR LLRFDSDVGEFRAVT,,,RFLWQPKRE RPRFLWQPKRECHFF,YLKNGKETL LRRYLKNGKETLQRA,YCRHNYGVV VDNYCRHNYGVVESF,,,YFHTSVSRP SMRYFHTSVSRPGRG,,FYNQEEYVR DRYFYNQEEYVRFDS,VTAMMCRRK VTAMMCRRKSSGGKG,,YNQEESVRF DRYFYNQEESVRFDS,FLWQGKYKC QPRFLWQGKYKCHFF,TVGYVDDTL RFITVGYVDDTLFVR,,,,LIIRQRSQK LGLIIRQRSQKGLLH,,WAAVMVPSG TFQKWAAVMVPSGEE,,YWNSQKEVL DAEYWNSQKEVLERT,FNGTERVRF CHFFNGTERVRFLDR,YFYTAVSRP SMRYFYTAVSRPSRG,FYTAMSRPG SMRYFYTAMSRPGRG,,,,,AVVMCRRKS AVVAVVMCRRKSSGG,YIYNREEYA VTRYIYNREEYARFD,VMAVVMCRR LGAVMAVVMCRRKSS,YEVAFRGIL RHNYEVAFRGILQRR
FDSDVGVYR YVRFDSDVGVYRAVT,VTDFYPAQI LVCSVTDFYPAQIKV,,,WGPSSQPTI TLRWGPSSQPTIPIV,KKTLQRAEH LENGKKTLQRAEHPK,YRAVTPLGP VEVYRAVTPLGPPDA,,,SFTVQRRVH VVESFTVQRRVHPKV,FRAVTELGR VGEFRAVTELGRPVA,,,RRVQPKVTV QRRVQPKVTVYPSKT,SLRNLRGYY DRVSLRNLRGYYNQS,VRLVSRSIY ERVRLVSRSIYNREE,,,LQNMYGCDV AGSHTLQNMYGCDVG,,YFYNQEEYV FLDRYFYNQEEYVRF,LGAVVTAMM VLAVLGAVVTAMMCR,,YFYNQEESV FLDRYFYNQEESVRF,FYNQEEFVR ERLFYNQEEFVRFDS,VGYVDDTLF FITVGYVDDTLFVRF,,,,FYPGQIKVR VTDFYPGQIKVRWFR,,LRGYDQYAY GRLLRGYDQYAYDGK,,FDSDVGVYR YARFDSDVGVYRAVT,VRFLDRYFY TERVRFLDRYFYNQE,MRYFYTAVS HSMRYFYTAVSRPSR,LLRGHDQSA GRLLRGHDQSAYDGK,,,,,LQRAEHPKT KETLQRAEHPKTHVT,VLERTRAEL QKEVLERTRAELDTV,VNLRKLRGY QTDRVNLRKLRGYYN,FRGILQRRV EVAFRGILQRRVEPT
VYQFKGLCY EDFVYQFKGLCYFTN,GLGLIIHHR IFLGLGLIIHHRSQK,,,VYPAKTQPL EVTVYPAKTQPLQHH,VLAVLGAVM VLAVLAVLGAVMAVV,LGLIIHHRS IFLGLGLIIHHRSQK,,,FLEYSTSEC RPRFLEYSTSECHFF,VRLLERHFH GTERVRLLERHFHNQ,,,PRFLWQPKR DTRPRFLWQPKRECH,LCVEWLRRY LEGLCVEWLRRYLKN,EFRAVTLLG EFRAVTLLGLPAAEY,,,GYVDDTLFV ITVGYVDDTLFVRFD,,SFTVQRRVH VGESFTVQRRVHPKV,AAQITQRKL TAAQITQRKLEAARA,,FLNGQEEKA VRWFLNGQEEKAGMV,SIYNREEIV VSRSIYNREEIVRFD,YVDDTLFVR RFITVGYVDDTLFVR,,,,FKGMCYFTN VFQFKGMCYFTNGTE,,FQKWAAVMV DGTFQKWAAVMVPSG,,VRLVTRYIY GTERVRLVTRYIYNR,YVTRYIYNR RVRYVTRYIYNREEY,FLEYSTSEC RPRFLEYSTSECHFF,YYNQSEARS LRGYYNQSEARSHII,,,,,GLAVLAVLA VAGLAVLAVLAVLGA,IIRQRSQKG LGLIIRQRSQKGLLH,LLRGHDQLA PDGRLLRGHDQLAYD,KEVLEGTRA QKEVLEGTRAELDTV
LCYFTNGTE YQFKGLCYFTNGTER,NYQLELRTT DRVCRHNYQLELRTT,,,YFYHQEEYV LDRYFYHQEEYVRFD,FVQFDSDAA TQFVQFDSDAASPRG,AQIKVRWFR YPAQIKVRWFRNDQE,,,VRFLDRYFH TERVRFLDRYFHNQE,YFFNGTERV GECYFFNGTERVRLL,,,ESFTVQRRV HNYGVGESFTVQRRV,LRRYLKNGK VEWLRRYLKNGKETL,FRAVTLLGL VGEFRAVTLLGLPAA,,,RAYLEGECV QLRAYLEGECVEWLR,,VTVYPSKTQ HPKVTVYPSKTQPLQ,LQRAEPPKT KETLQRAEPPKTHVT,,ILEQARAAV QKDILEQARAAVDTY,FYPAQIKVR VTDFYPAQIKVRWFR,IQRMYGCDV AGSHIIQRMYGCDVG,,,,YEVAFRGIL RHNYEVAFRGILQRR,,LLRGYDQYA DGRLLRGYDQYAYDG,,YIYNREEYA LVTRYIYNREEYARF,FKAMCYFTN VYQFKAMCYFTNGTE,KTGVVSTGL QEEKTGVVSTGLIHN,YNQSEARSH RGYYNQSEARSHIIQ,,,,,AVVAVVMCR VLAVLGAVVAVVMCR,VGYRGILQR RHNYEVGYRGILQRR,PSLTSPLTV VEHPSLTSPLTVEWR,HNYEVAFRG VCRHNYEVAFRGILQ
CRHNYEVAY DRVCRHNYEVAYRGI,LVSRSIYNR VRLVSRSIYNREEIV,,,FYHQEEYVR DRYFYHQEEYVRFDS,VDNYCRHNY RGRVDNYCRHNYGVV,YVTRYIYNR RVRYVTRYIYNREEY,,,FLDRYFHNQ RFLDRYFHNQEENVR,VESFTVQRR NYGAVESFTVQRRVH,,,CHFFNGTER QPKRECHFFNGTERV,FFNGTERVR FFNGTERVRFLDRYF,LVSRSIYNR RLVSRSIYNREEIVR,,,VGYVDDTLF FITVGYVDDTLFVRF,,VQRRVHPKV SFTVQRRVHPKVTVY,LQRMSGCDL GSHTLQRMSGCDLGP,,VQRRVQPKV SFTVQRRVQPKVTVY,YNREEIVRF RSIYNREEIVRFDSD,GLCVESLRR AYLEGLCVESLRRYL,,,,YARFDSDVG REEYARFDSDVGVYR,,VVAVVMCRR LGAVVAVVMCRRKSS,,AELDTVCRH RTRAELDTVCRHNYQ,TVCRHNYQL LDTVCRHNYQLELRT,FLEDRRAAV QKDFLEDRRAAVDTY,YYNQSEARS LRGYYNQSEARSHII,,,,,VLAVLAVLG GLAVLAVLAVLGAVV,VRLVTRYIY VRLVTRYIYNREEYA,SFTVQRRVY VGESFTVQRRVYPEV,IIRQRSQKG LGLIIRQRSQKGLLH
RVRGVTRHI GTERVRGVTRHIYNR,LGLIIHHRS FLGLGLIIHHRSQKG,,,FFNGTERVR FFNGTERVRFLDRYF,LLEQKRGRV QKDLLEQKRGRVDNY,RVRYVTRYI GTERVRYVTRYIYNR,,,RVRLVTRHI GTERVRLVTRHIYNR,YGAVESFTV RHNYGAVESFTVQRR,,,MVSTGLIQN KAGMVSTGLIQNGDW,VRFLDRYFH TERVRFLDRYFHNQE,RVRLVSRSI GTERVRLVSRSIYNR,,,GRLLRGYHQ GPDGRLLRGYHQDAY,,,ITQRKLEAA AAQITQRKLEAARAA,,FTVQRRVQP VESFTVQRRVQPKVT,IYNREEIVR SRSIYNREEIVRFDS,LCVESLRRY LEGLCVESLRRYLEN,,,,FRGILQRRV EVAFRGILQRRVEPT,,LQWMCGCDL AGSHTLQWMCGCDLG,,IIVEWRAQS QNPIIVEWRAQSESA,VYRAVTPLG FDSDVEVYRAVTPLG,YSTSECHFF FLEYSTSECHFFNGT,ARSHIIQRM QSEARSHIIQRMYGC,,,,,TQKYKRQAQ RETQKYKRQAQTDRV,QIKVQWFRN FYPGQIKVQWFRNDQ,CQVEHPSLT VYTCQVEHPSLTSPL,LEGTRAELD KEVLEGTRAELDTVC
HHNLLICSV ALNHHNLLICSVTDF,ILERKRAAV QKDILERKRAAVDRV,,,QRRVYPEVT FTVQRRVYPEVTVYP,VRYLDRYFH TERVRYLDRYFHNQE,FVYQFKAMC EDFVYQFKAMCYFTN,,,EVAFRGILQ RHNYEVAFRGILQRR,VQRRVHPKV SFTVQRRVHPKVTVY,,,GSIEVRWFL FYPGSIEVRWFLNGQ,ILEDERAAV QKDILEDERAAVDTY,IYNREEIVR SRSIYNREEIVRFDS,,,MRYFHTSVS SHSMRYFHTSVSRPG,,,LEAARAAEQ QRKLEAARAAEQLRA,,VRFLDRYFY TERVRFLDRYFYNQE,LGLIIHHRS IFLGLGLIIHHRSQK,LEGLCVESL RAYLEGLCVESLRRY,,,,KEVLEGTRA QKEVLEGTRAELDTV,,YKRQAQTDR TQKYKRQAQTDRVSL,,,RVRYVTRYI GTERVRYVTRYIYNR,VRFLDRYFH GTERVRFLDRYFHNQ,VRFLDRYFH TERVRFLDRYFHNQE,,,,,YKRQAQTDR TQKYKRQAQTDRVSL,,VNGFYPGSI VCSVNGFYPGSIEVR,CRHNYEVAF DTVCRHNYEVAFRGI
YEVAYRGIL RHNYEVAYRGILQRR,VGEFRAVTL DSDVGEFRAVTLLGL,,,LLEQKRAAV QKDLLEQKRAAVDTY,YCRHNYGVV VDNYCRHNYGVVESF,LRTTLQRRV NYQLELRTTLQRRVE,,,VYRAVTPQG VGVYRAVTPQGRPDA,TGVVSTPLI EETTGVVSTPLIRNG,,,VRWFLNGQE SIEVRWFLNGQEEKA,FNGTERVRF CHFFNGTERVRFLDR,FKGMCYFTN YQFKGMCYFTNGTER,,,MRYFYTAVS CSHSMRYFYTAVSRP,,,DILEQARAA SQKDILEQARAAVDT,,VRFLDRYFY GTERVRFLDRYFYNQ,ILERKRAAV QKDILERKRAAVDRV,TLRCWALGF HEVTLRCWALGFYPA,,,,HNYEVAFRG VCRHNYEVAFRGILQ,,KYFFTSVSR HSMKYFFTSVSRPGR,,,MLEMTPQHG ILVMLEMTPQHGDVY,VQRRVHPKV SFTVQRRVHPKVTVY,SFTVQRRVH VVESFTVQRRVHPKV,,,,,KYFFTSVSR HSMKYFFTSVSRPGR,,YFYHQEEYV FLDRYFYHQEEYVRF,VRLVTRHIY VRLVTRHIYNREEYA
ALNHHNLLI RTEALNHHNLLICSV,IIHHRSQKG LGLIIHHRSQKGLLH,,,VRFLDRYFY GTERVRFLDRYFYHQ,FRAVTLLGL VGEFRAVTLLGLPAA,FKAMCYFTN FVYQFKAMCYFTNGT,,,FRGILQRRV EVAFRGILQRRVEPT,YIYNREEYA YVTRYIYNREEYARF,,,VQRRVQPKV SFTVQRRVQPKVTVY,RVRLVTRHI GTERVRLVTRHIYNR,VTLLGLPAA FRAVTLLGLPAAEYW,,,FYTAVSRPS SMRYFYTAVSRPSRG,,,FLNGQEEKA VRWFLNGQEEKAGMV,,ILEQARAAV QKDILEQARAAVDTY,IIHHRSQKG LGLIIHHRSQKGLLH,CVESLRRYL EGLCVESLRRYLENG,,,,VFQFKGMCY EDFVFQFKGMCYFTN,,FLEYSTSEC RPRFLEYSTSECHFF,,,YRAVTPLGP VEVYRAVTPLGPPDA,VTVYPSKTQ HPKVTVYPSKTQPLQ,FRAVTELGR VGEFRAVTELGRPDA,,,,,VVAVVMCRR AVVAVVMCRRKSSGG,,LVCSVNGFY NLLVCSVNGFYPGSI,RVRLVTRHI GTERVRLVTRHIYNR
IIRQRSRKG LGLIIRQRSRKGLLH,YQLELRTTL RHNYQLELRTTLQRR,,,YFYHQEEYV LDRYFYHQEEYVRFD,RVRLVSRSI GTERVRLVSRSIYNR,GLGLIIHHR LGLIFLGLGLIIHHR,,,HNYEVAFRG VCRHNYEVAFRGILQ,TVCRHNYQL LDTVCRHNYQLELRT,,,WFLNGQEEK VRWFLNGQEEKAGMV,YEVGYRGIL RHNYEVGYRGILQRR,RAAVDRVCR LERKRAAVDRVCRHN,,,FYPTEITLT ALGFYPTEITLTWQR,,,ILEQARAAV QKDILEQARAAVDTY,,VQRRVQPKV SFTVQRRVQPKVTVY,YQLELRTTL RHNYQLELRTTLQRR,TAADKAAQI RSWTAADKAAQITQR,,,,RVRLVTRYI GTERVRLVTRYIYNR,,RFLEYSTSE DTRPRFLEYSTSECH,,,VYQFKAMCY EDFVYQFKAMCYFTN,VRFLDRYFH GTERVRFLDRYFHNQ,VRFLDRYFH GTERVRFLDRYFHNQ,,,,,LRGYDQYAY GRLLRGYDQYAYDGK,,FTVQRRVYP GESFTVQRRVYPEVT,EVAFRGILQ RHNYEVAFRGILQRR
YWNSQKEVL VAEYWNSQKEVLEGA,LQRRVEPTV RTTLQRRVEPTVTIS,,,FLEQVKHEC RPRFLEQVKHECHFF,EFRAVTLLG DVGEFRAVTLLGLPA,,,,ILQRRVEPT FRGILQRRVEPTVTI,VYRAVTPLG FDSDVEVYRAVTPLG,,,SHIKVRWFR FYPSHIKVRWFRNDQ,YARFDSDVG REEYARFDSDVGVYR,MLEMTPQRG MLEMTPQRGDVYTCH,,,LRWEPSSQP PLTLRWEPSSQPTIP,,,FYPGSIEVR VSGFYPGSIEVRWFL,,RVRLVTRYI GTERVRLVTRYIYNR,VRLVSRSIY GTERVRLVSRSIYNR,LRSWTAADK DLRSWTAADKAAQIT,,,,IIRQRSQKG LGLIIRQRSQKGLLH,,YFYNQEEYV LDRYFYNQEEYVRFD,,,FVYQFKAMC PEDFVYQFKAMCYFT,VQRRVHPKV SFTVQRRVHPKVTVY,FRAVTELGR VGEFRAVTELGRPDA,,,,,KTHVTHHPV EHPKTHVTHHPVSDH,,LEQVKHECH PRFLEQVKHECHFFN,FRGILQRRV EVAFRGILQRRVEPT
YRAVTPQGR VGVYRAVTPQGRPVA,LSGIGGFVL MLSGIGGFVLGLIFL,,,YPEVTVYPA RRVYPEVTVYPAKTQ,YNREEIVRF SRSIYNREEIVRFDS,,,,IIRQRSQKG LGLIIRQRSQKGLLH,VMLEMTPQH QILVMLEMTPQHGDV,,,YRGILQRRV YEVAYRGILQRRVEP,FYPGQIKVQ VTDFYPGQIKVQWFR,KDILERKRA YWNSQKDILERKRAA,,,VLAVLAVLG GLAVLAVLAVLGAVV,,,YNQEESVRF RYFYNQEESVRFDSD,,YIYNREEYA LVTRYIYNREEYARF,IVRFDSDVG REEIVRFDSDVGEFR,NEDLRSWTA IALNEDLRSWTAADK,,,,LEGTRAELD KEVLEGTRAELDTVC,,YGVVESFTV RHNYGVVESFTVQRR,,,YIYNREEYA VTRYIYNREEYARFD,FKAMCYFTN YQFKAMCYFTNGTER,YFHNQEENV FLDRYFHNQEENVRF,,,,,FQKWAAVMV DGTFQKWAAVMVPSG,,LVCSVNGFY HNLLVCSVNGFYPGS,IIRQRSQKG LGLIIRQRSQKGLLH
VLEGARASV QKEVLEGARASVDRV,IVRFDSDVG REEIVRFDSDVGEFR,,,HPSLTSPLT QVEHPSLTSPLTVEW,AGVVSTPLI EETAGVVSTPLIRNG,,,,LGLGLIIRQ LIFLGLGLIIRQRSQ,FVYQFKAMC RDSPEDFVYQFKAMC,,,VAYRGILQR NYEVAYRGILQRRVE,HNYEVGYRG VCRHNYEVGYRGILQ,ILERKRAAV QKDILERKRAAVDRV,,,VVAVVMCRR LGAVVAVVMCRRKSS,,,YFYNQEESV LDRYFYNQEESVRFD,,YNREEYARF RYIYNREEYARFDSD,RVRLVSRSI FTNGTERVRLVSRSI,LTLRWGPSS PEPLTLRWGPSSQPT,,,,CRHNYEVAF DTVCRHNYEVAFRGI,,FYNQEEYVR DRYFYNQEEYVRFDS,,,VLERTRAEL QKEVLERTRAELDTV,YVTRYIYNR VRYVTRYIYNREEYA,ILEDERAAV QKDILEDERAAVDTY,,,,,VVMCRRKSS VVAVVMCRRKSSGGK,,LLEQKRAAV QKDLLEQKRAAVDTY,HNYEVAFRG VCRHNYEVAFRGILQ
LIIRQRSRK GLGLIIRQRSRKGLL,EFRAVTLLG DVGEFRAVTLLGLPA,,,FYHQEEYVR DRYFYHQEEYVRFDS,VGEFRAVTL DSDVGEFRAVTLLGL,,,,LGLIIRQRS FLGLGLIIRQRSQKG,RVRYVTRYI GTERVRYVTRYIYNR,,,VRGVTRHIY TERVRGVTRHIYNRE,VLERTRAEL QKEVLERTRAELDTV,FDSDVGEFR IVRFDSDVGEFRAVT,,,LRWEPSSQP PLTLRWEPSSQPTIP,,,FYNQEESVR RYFYNQEESVRFDSD,,VRLVTRYIY VRLVTRYIYNREEYA,LRTTLQRRV NYQLELRTTLQRRVE,MRYFYTAVS CSHSMRYFYTAVSRP,,,,,,FLEYSTSEC RPRFLEYSTSECHFF,,,LERTRAELD KEVLERTRAELDTVC,VMLEMTPQH QILVMLEMTPQHGDV,FDSDVGEFR NVRFDSDVGEFRAVT,,,,,VESFTVQRR YGVVESFTVQRRVQP,,VQRRVYPEV SFTVQRRVYPEVTVY,ILQRRVEPT FRGILQRRVEPTVTI
LQRRVEPTV RGILQRRVEPTVTIS,YNREEIVRF SRSIYNREEIVRFDS,,,FTVQRRVYP SFTVQRRVYPEVTVY,LLGLPAAEY RAVTLLGLPAAEYWN,,,,VTRHIYNRE VTRHIYNREEYARFD,YRAVTPLGP VEVYRAVTPLGPPDA,,,FYPSHIKVR VTDFYPSHIKVRWFR,IIRQRSQKG LGLIIRQRSQKGLLH,YWNSQKDIL AEYWNSQKDILERKR,,,MRYFYTAVS CSHSMRYFYTAVSRP,,,FLWQPKREC FLWQPKRECHFFNGT,,VFQFKGMCY EDFVFQFKGMCYFTN,LVCSVTDFY NLLVCSVTDFYPAQI,YLENGKKTL LRRYLENGKKTLQRA,,,,,,YVRFDSDVG QEEYVRFDSDVGEFR,,,VTPLGPPDA YRAVTPLGPPDAEYW,FVYQFKAMC RDSPEDFVYQFKAMC,RVRLVTRHI GTERVRLVTRHIYNR,,,,,VQRRVQPKV TVQRRVQPKVTVYPS,,FTVQRRVYP GESFTVQRRVYPEVT,
VTDFYPSQI LICSVTDFYPSQIKV,LIFLGLGLI VLGLIFLGLGLIIHH,,,VYPAKTQPL EVTVYPAKTQPLQHH,TAGVVSTPL QEETAGVVSTPLIRN,,,,VTDFYPGQI VCSVTDFYPGQIKVR,VYQFKAMCY EDFVYQFKAMCYFTN,,,LGLIIRQRS LIFLGLGLIIRQRSR,LERTRAELD KEVLERTRAELDTVC,IVRFDSDVG REEIVRFDSDVGEFR,,,HFIAVGYVD GEPHFIAVGYVDDTQ,,,SIEVRWFLN YPGSIEVRWFLNGQE,,LVTRYIYNR RLVTRYIYNREEYAR,LVSRSIYNR LVSRSIYNREEIVRF,FYTAVSRPG MRYFYTAVSRPGRGE,,,,,,YGVVESFTV CRHNYGVVESFTVQR,,,TTGVVSTPL QEETTGVVSTPLIRN,RVRYVTRYI GTERVRYVTRYIYNR,EVAFRGILQ RHNYEVAFRGILQRR,,,,,ILEQARAAV QKDILEQARAAVDTY,,RVRLVTRYI GTERVRLVTRYIYNR,
FYPSQIKVR VTDFYPSQIKVRWFR,YWNSQKDIL AAEYWNSQKDILERK,,,YVTRYIYNR RVRYVTRYIYNREEY,VRLVSRSIY ERVRLVSRSIYNREE,,,,FYPGQIKVR VTDFYPGQIKVRWFR,FKAMCYFTN YQFKAMCYFTNGTER,,,VRFDSDVGV EEYVRFDSDVGVYRA,VRLVTRHIY VRLVTRHIYNREEYA,RVCRHNYQL AVDRVCRHNYQLELR,,,WALGFYPTE LRCWALGFYPTEITL,,,YFYNQEESV FLDRYFYNQEESVRF,,RVRLVTRYI FTNGTERVRLVTRYI,CRHNYQLEL RVCRHNYQLELRTTL,LRWGPSSQP PLTLRWGPSSQPTIP,,,,,,YCRHNYGVV DTYCRHNYGVVESFT,,,EVYRAVTPL RFDSDVEVYRAVTPL,VYQFKAMCY EDFVYQFKAMCYFTN,VYRAVTPQG VGVYRAVTPQGRPDA,,,,,FLWQPKREC RPRFLWQPKRECHFF,,FDSDVGVYR YARFDSDVGVYRAVT,
YRGILQRRV YEVAYRGILQRRVEP,LRTTLQRRV QLELRTTLQRRVEPT,,,FYPAQIKVR VTDFYPAQIKVRWFR,EFRAVTLLG EFRAVTLLGLPAAEY,,,,LVTRHIYNR RLVTRHIYNREEYAR,YVTRYIYNR VRYVTRYIYNREEYA,,,LIIRQRSRK LGLIIRQRSRKGLLH,VRLVTRHIY GTERVRLVTRHIYNR,FVYQFKGMC PEDFVYQFKGMCYFT,,,RAYLEGECV QWRAYLEGECVEWLR,,,RFLWQPKRE RPRFLWQPKRECHFF,,VRLVTRYIY GTERVRLVTRYIYNR,AQIKVRWFR FYPAQIKVRWFRNGQ,TLRWGPSSQ EPLTLRWGPSSQPTI,,,,,,YFYNQEEYV FLDRYFYNQEEYVRF,,,FDSDVEVYR YARFDSDVEVYRAVT,EVYRAVTPL RFDSDVEVYRAVTPL,FRGILQRRV EVAFRGILQRRVEPT,,,,,PRFLWQPKR GDTRPRFLWQPKREC,,VRLVTRYIY VRLVTRYIYNREEYA,
VAYRGILQR NYEVAYRGILQRRVE,LLGLPAAEY AVTLLGLPAAEYWNS,,,FKAMCYFTN VYQFKAMCYFTNGTE,FRAVTLLGL VGEFRAVTLLGLPAA,,,,VYRAVTPQG SDVGVYRAVTPQGRP,YNREEYARF RYIYNREEYARFDSD,,,FDSDVGVYR YVRFDSDVGVYRAVT,AELDTVCRH RTRAELDTVCRHNYE,VYQFKGMCY EDFVYQFKGMCYFTN,,,PHFIAVGYV RGEPHFIAVGYVDDT,,,RRVQPKVTV QRRVQPKVTVYPSKT,,YIYNREEYA LVTRYIYNREEYARF,LVSRSIYNR RVRLVSRSIYNREEI,FVQFDSDAA DTQFVQFDSDAASPR,,,,,,FYNQEEYVR RYFYNQEEYVRFDSD,,,AELDTVCRH RTRAELDTVCRHNYQ,FKAMCYFTN YQFKAMCYFTNGTER,HNYEVAFRG VCRHNYEVAFRGILQ,,,,,FTVQRRVQP VESFTVQRRVQPKVT,,LVTRYIYNR RLVTRYIYNREEYAR,
YRAVTPQGR VGVYRAVTPQGRPVA,AVTLLGLPA EFRAVTLLGLPAAEY,,,YIYNREEYA YVTRYIYNREEYARF,LVSRSIYNR RLVSRSIYNREEIVR,,,,YEVAFRGIL VCRHNYEVAFRGILQ,TTGVVSTPL QEETTGVVSTPLIRN,,,FYPSHIKVR TDFYPSHIKVRWFRN,LIIRQRSQK GLGLIIRQRSQKGLL,VDRVCRHNY RAAVDRVCRHNYQLE,,,FYTAVSRPS MRYFYTAVSRPSRGE,,,PRFLWQPKR DTRPRFLWQPKRECH,,,FRAVTLLGL VGEFRAVTLLGLPAA,WTAADKAAQ LRSWTAADKAAQITQ,,,,,,,,,VMLEMTPQH QILVMLEMTPQHGDV,AMCYFTNGT QFKAMCYFTNGTERV,ILQRRVEPT FRGILQRRVEPTVTI,,,,,RFLWQPKRE TRPRFLWQPKRECHF,,FDSDVGVYR YARFDSDVGVYRAVT,
VRGVTRHIY TERVRGVTRHIYNRE,IVRFDSDVG REEIVRFDSDVGEFR,,,GLGLIIHHR IFLGLGLIIHHRSQK,RVRLVSRSI GTERVRLVSRSIYNR,,,,VLGLIFLGL GVGGFVLGLIFLGLG,EVYRAVTPL RFDSDVEVYRAVTPL,,,LICSVTDFY HNLLICSVTDFYPSH,,LLGLPAAEY AVTLLGLPAAEYWNS,,,LAVLGAVVA LAVLAVLGAVVAVVM,,,FTVQRRVQP VESFTVQRRVQPKVT,,,FYPAQIKVR VTDFYPAQIKVRWFR,YKRQAQTDR TQKYKRQAQTDRVNL,,,,,,,,,VRYVTRYIY GTERVRYVTRYIYNR,YVTRYIYNR RYVTRYIYNREEYAR,IIRQRSQKG LGLIIRQRSQKGLLH,,,,,FYNQEESVR RYFYNQEESVRFDSD,,RVRLVTRYI FTNGTERVRLVTRYI,
LGLIIRQRS LIFLGLGLIIRQRSR,ILERKRAAV QKDILERKRAAVDRV,,,VYRAVTPLG DVEVYRAVTPLGPPD,IYNREEIVR SRSIYNREEIVRFDS,,,,LGLIIRQRS FLGLGLIIRQRSQKG,YVTRYIYNR RVRYVTRYIYNREEY,,,GLGLIIRQR LGLIFLGLGLIIRQR,,TNGTERVRL CYFTNGTERVRLVSR,,,TLRWEPSSQ EPLTLRWEPSSQPTI,,,CHFFNGTER QPKRECHFFNGTERV,,,RVRLVSRSI GTERVRLVSRSIYNR,LQRMYGCDL SHTLQRMYGCDLGPD,,,,,,,,,,VMLEMTPQH QILVMLEMTPQHGDV,LGLGLIIRQ LIFLGLGLIIRQRSQ,,,,,FLWQPKREC FLWQPKRECHFFNGT,,PSLQNPIIV HPSLQNPIIVEWRAQ,
VRFDSDVGV EEYVRFDSDVGVYRA,IIHHRSQKG LGLIIHHRSQKGLLH,,,MLEMTPQHG ILVMLEMTPQHGDVY,VTLLGLPAA FRAVTLLGLPAAEYW,,,,CRHNYEVAF DTVCRHNYEVAFRGI,RVRYVTRYI GTERVRYVTRYIYNR,,,FVYQFKGLC RDSPEDFVYQFKGLC,,VMLEMTPQR QILVMLEMTPQRGDV,,,YKRQAQTDR TQKYKRQAQTDRVNL,,,MVSTGLIQN KAGMVSTGLIQNGDW,,,MLSGIGGFV QSKMLSGIGGFVLGL,WGPSSQPTI TLRWGPSSQPTIPIV,,,,,,,,,,FVYQFKAMC RDSPEDFVYQFKAMC,LGLIIRQRS FLGLGLIIRQRSQKG,,,,,SIEVRWFLN YPGSIEVRWFLNGQE,,VRLVTRYIY GTERVRLVTRYIYNR,
LIIRQRSRK LGLIIRQRSRKGLLH,YNREEIVRF SRSIYNREEIVRFDS,,,YRAVTPLGP VEVYRAVTPLGPPDA,RAAVDRVCR LERKRAAVDRVCRHN,,,,IFLGLGLII LGLIFLGLGLIIRQR,YRAVTPLGP VEVYRAVTPLGPPDA,,,YVRFDSDVG REEYVRFDSDVGVYR,,,,,LQRMYGCDL SHTLQRMYGCDLGPD,,,GSIEVRWFL FYPGSIEVRWFLNGQ,,,LIIHHRSQK GLGLIIHHRSQKGLL,LRRYLENGK VEWLRRYLENGKKTL,,,,,,,,,,VRYVTRYIY ERVRYVTRYIYNREE,VYRAVTPQG DVGVYRAVTPQGRPD,,,,,YFYNQEESV FLDRYFYNQEESVRF,,IIVEWRAQS QNPIIVEWRAQSESA,
FDSDVGVYR YVRFDSDVGVYRAVT,LRTTLQRRV HNYQLELRTTLQRRV,,,FVYQFKAMC EDFVYQFKAMCYFTN,KDILERKRA YWNSQKDILERKRAA,,,,RVRLVTRHI FTNGTERVRLVTRHI,FVYQFKAMC EDFVYQFKAMCYFTN,,,YRAVTPQGR VGVYRAVTPQGRPSA,,,,,FYPTEITLT ALGFYPTEITLTWQR,,,ILEQARAAV QKDILEQARAAVDTY,,,VTDFYPAQI LVCSVTDFYPAQIKV,YLENGKKTL LRRYLENGKKTLQRA,,,,,,,,,,RVRYVTRYI GTERVRYVTRYIYNR,RVRLVTRHI GTERVRLVTRHIYNR,,,,,RFLWQPKRE RPRFLWQPKRECHFF,,,
,VRLVSRSIY GTERVRLVSRSIYNR,,,LGLIIHHRS FLGLGLIIHHRSQKG,ILERKRAAV QKDILERKRAAVDRV,,,,ERVRLVTRH YFTNGTERVRLVTRH,FKAMCYFTN FVYQFKAMCYFTNGT,,,LNHHNLLIC TEALNHHNLLICSVT,,,,,CWALGFYPT TLRCWALGFYPTEIT,,,VRWFLNGQE SIEVRWFLNGQEEKA,,,ILERKRAAV QKDILERKRAAVDRV,FYTAVSRPG MRYFYTAVSRPGRGE,,,,,,,,,,VYQFKAMCY EDFVYQFKAMCYFTN,GQIKVRWFR FYPGQIKVRWFRNDQ,,,,,RRVQPKVTV QRRVQPKVTVYPSKT,,,
,,,,IIHHRSQKG LGLIIHHRSQKGLLH,FDSDVGEFR IVRFDSDVGEFRAVT,,,,FRGILQRRV NYEVAFRGILQRRVE,,,,VAYRGILQR RHNYEVAYRGILQRR,,,,,LLRFDSDVG EELLRFDSDVGEFRA,,,VQRRVQPKV SFTVQRRVQPKVTVY,,,LLGLPAAEY FRAVTLLGLPAAEYW,LRSWTAADK DLRSWTAADKAAQIT,,,,,,,,,,,GLGLIIRQR LGLIFLGLGLIIRQR,,,,,PRFLWQPKR DTRPRFLWQPKRECH,,,
,,,,YQLELRTTL RHNYQLELRTTLQRR,YWNSQKDIL AEYWNSQKDILERKR,,,,VRLVTRHIY TERVRLVTRHIYNRE,,,,LCYFTNGTE FKGLCYFTNGTERVR,,,,,FLEYSTGEC RPRFLEYSTGECYFF,,,WFLNGQEEK VRWFLNGQEEKAGMV,,,LGLGLIIHH LGLIFLGLGLIIHHR,LQRMYGCDL AGSHTLQRMYGCDLG,,,,,,,,,,,VTDFYPGQI LVCSVTDFYPGQIKV,,,,,FTVQRRVQP VESFTVQRRVQPKVT,,,
,,,,RVRYVTRYI TERVRYVTRYIYNRE,IVRFDSDVG REEIVRFDSDVGEFR,,,,YRAVTPQGR VGVYRAVTPQGRPDA,,,,VRGVTRHIY TERVRGVTRHIYNRE,,,,,FRAVTELGR VGEFRAVTELGRPVA,,,EVAFRGILQ RHNYEVAFRGILQRR,,,LSGIGGFVL SKMLSGIGGFVLGLI,WTAADKAAQ LRSWTAADKAAQITQ,,,,,,,,,,,LDTVCRHNY RAELDTVCRHNYEVA,,,,,CHFFNGTER QPKRECHFFNGTERV,,,
,,,,FYPAQIKVR VTDFYPAQIKVRWFR,RVCRHNYQL AVDRVCRHNYQLELR,,,,VGGFVLGLI MLSGVGGFVLGLIFL,,,,VYRAVTPQG FDSDVGVYRAVTPQG,,,,,YFFNGTERV GECYFFNGTERVRLL,,,YRAVTPQGR GVYRAVTPQGRPDAE,,,IIHHRSQKG LGLIIHHRSQKGLLH,FVQFDSDAA TQFVQFDSDAASPRG,,,,,,,,,,,VTRHIYNRE RLVTRHIYNREEYAR,,,,,MVSTGLIQN KAGMVSTGLIQNGDW,,,
,,,,FKAMCYFTN VYQFKAMCYFTNGTE,VDRVCRHNY RAAVDRVCRHNYQLE,,,,VAFRGILQR RHNYEVAFRGILQRR,,,,RVRGVTRHI FTNGTERVRGVTRHI,,,,,FDSDVGEFR ELLRFDSDVGEFRAV,,,VYRAVTPQG VGVYRAVTPQGRPDA,,,VRLVSRSIY TERVRLVSRSIYNRE,YFYTAVSRP SMRYFYTAVSRPGRG,,,,,,,,,,,LGLIIRQRS IFLGLGLIIRQRSQK,,,,,GSIEVRWFL FYPGSIEVRWFLNGQ,,,
,,,,MLSGIGGFV QSKMLSGIGGFVLGL,LLGLPAAEY AVTLLGLPAAEYWNS,,,,ILQRRVEPT RGILQRRVEPTVTIS,,,,YEVAYRGIL VCRHNYEVAYRGILQ,,,,,YGAVESFTV RHNYGAVESFTVQRR,,,IIRQRSQKG LGLIIRQRSQKGLLH,,,YQLELRTTL RHNYQLELRTTLQRR,KTGVVSTGL QEEKTGVVSTGLIHN,,,,,,,,,,,VRLVTRHIY VRLVTRHIYNREEYA,,,,,ILEQARAAV QKDILEQARAAVDTY,,,
,,,,CSVTDFYPA LLVCSVTDFYPAQIK,,,,,VLEGTRAEL QKEVLEGTRAELDTV,,,,FDSDVGVYR YVRFDSDVGVYRAVT,,,,,SFTVQRRVH GAVESFTVQRRVHPK,,,FRGILQRRV YEVAFRGILQRRVEP,,,VYQFKGMCY EDFVYQFKGMCYFTN,FRNGQEEKT VRWFRNGQEEKTGVV,,,,,,,,,,,FYPGQIKVR TDFYPGQIKVRWFRN,,,,,VRWFLNGQE SIEVRWFLNGQEEKA,,,
,,,,SKMLSGIGG SAQSKMLSGIGGFVL,,,,,LIIRQRSQK LGLIIRQRSQKGLLH,,,,VYQFKGLCY EDFVYQFKGLCYFTN,,,,,FRAVTELGR VGEFRAVTELGRPVA,,,HNYEVAFRG VCRHNYEVAFRGILQ,,,VTLLGLPAA EFRAVTLLGLPAAEY,LEYSTGECY PRFLEYSTGECYFFN,,,,,,,,,,,YEVAFRGIL RHNYEVAFRGILQRR,,,,,VQRRVQPKV SFTVQRRVQPKVTVY,,,
,,,,VTDFYPAQI LVCSVTDFYPAQIKV,,,,,,,,,IYNREEYVR TRHIYNREEYVRFDS,,,,,AVTELGRPV EFRAVTELGRPVAES,,,FYPGQIKVR VTDFYPGQIKVRWFR,,,KVRWFRNGQ AQIKVRWFRNGQEET,SFTVQRRVH GAVESFTVQRRVHPK,,,,,,,,,,,IYNREEYAR VTRHIYNREEYARFD,,,,,WFLNGQEEK VRWFLNGQEEKAGMV,,,
,,,,GLGLIIHHR IFLGLGLIIHHRSQK,,,,,,,,,TDFYPSHIK LICSVTDFYPSHIKV,,,,,LLRFDSDVG QEELLRFDSDVGEFR,,,GQIKVRWFR FYPGQIKVRWFRNDQ,,,LRTTLQRRV HNYQLELRTTLQRRV,FRAVTELGR VGEFRAVTELGRPVA,,,,,,,,,,,LIIRQRSQK FLGLGLIIRQRSQKG,,,,,GQIKVRWFR FYPGQIKVRWFRNDQ,,,
,,,,YRAVTPLGP VEVYRAVTPLGPPDA,,,,,,,,,HIKVRWFRN SHIKVRWFRNDQEET,,,,,YFFNGTERV GECYFFNGTERVRLL,,,GLGLIIRQR LGLIFLGLGLIIRQR,,,LGLIIHHRS LGLGLIIHHRSQKGL,LLRFDSDVG QEELLRFDSDVGEFR,,,,,,,,,,,FRGILQRRV EVAFRGILQRRVEPT,,,,,GLGLIIRQR LGLIFLGLGLIIRQR,,,
,,,,FVYQFKAMC PEDFVYQFKAMCYFT,,,,,,,,,ALNHHNLLI RTEALNHHNLLICSV,,,,,VQRRVHPKV SFTVQRRVHPKVTVY,,,VFQFKGMCY VFQFKGMCYFTNGTE,,,AQIKVRWFR FYPAQIKVRWFRNGQ,YFFNGTERV GECYFFNGTERVRLL,,,,,,,,,,,YRAVTPQGR VGVYRAVTPQGRPDA,,,,,FDSDVGVYR YARFDSDVGVYRAVT,,,
,,,,NYQLELRTT DTVCRHNYQLELRTT,,,,,,,,,SHIKVRWFR FYPSHIKVRWFRNDQ,,,,,PRFLEYSTG DTRPRFLEYSTGECY,,,VYRAVTPQG FDSDVGVYRAVTPQG,,,,VRLLERHFH TERVRLLERHFHNQE,,,,,,,,,,,IIRQRSQKG LGLIIRQRSQKGLLH,,,,,VFQFKGMCY VFQFKGMCYFTNGTE,,,
,,,,LGLIIHHRS FLGLGLIIHHRSQKG,,,,,,,,,IIRQRSRKG LGLIIRQRSRKGLLH,,,,,YCRHNYGAV VDTYCRHNYGAVESF,,,RHNYEVAFR DTVCRHNYEVAFRGI,,,,FHNQEELLR ERHFHNQEELLRFDS,,,,,,,,,,,ILQRRVEPT RGILQRRVEPTVTIS,,,,,CYFTNGTER QFKGMCYFTNGTERV,,,
,,,,YIYNREEYA VTRYIYNREEYARFD,,,,,,,,,VLEGARASV QKEVLEGARASVDRV,,,,,HFHNQEELL LERHFHNQEELLRFD,,,YEVAFRGIL VCRHNYEVAFRGILQ,,,,VQRRVHPKV SFTVQRRVHPKVTVY,,,,,,,,,,,VLEGTRAEL QKEVLEGTRAELDTV,,,,,LGLIIRQRS FLGLGLIIRQRSQKG,,,
,,,,IIHHRSQKG LGLIIHHRSQKGLLH,,,,,,,,,LIIRQRSRK GLGLIIRQRSRKGLL,,,,,LEYSTGECY PRFLEYSTGECYFFN,,,LGLIIRQRS FLGLGLIIRQRSQKG,,,,PRFLEYSTG DTRPRFLEYSTGECY,,,,,,,,,,,CRHNYEVAF TVCRHNYEVAFRGIL,,,,,FYPGQIKVR TDFYPGQIKVRWFRN,,,
,,,,YQLELRTTL RHNYQLELRTTLQRR,,,,,,,,,VTRHIYNRE RGVTRHIYNREEYVR,,,,,VRLLERHFH TERVRLLERHFHNQE,,,FRGILQRRV EVAFRGILQRRVEPT,,,,VVSTGLIHN KTGVVSTGLIHNGDW,,,,,,,,,,,,,,,,YEVAFRGIL RHNYEVAFRGILQRR,,,
,,,,LQRRVEPTV RTTLQRRVEPTVTIS,,,,,,,,,LGLIIRQRS IFLGLGLIIRQRSRK,,,,,FHNQEELLR ERHFHNQEELLRFDS,,,FVFQFKGMC PEDFVFQFKGMCYFT,,,,YCRHNYGAV VDTYCRHNYGAVESF,,,,,,,,,,,,,,,,LVTRYIYNR RLVTRYIYNREEYAR,,,
,,,,TTGVVSTPL QEETTGVVSTPLIRN,,,,,,,,,RHNYEVAYR DRVCRHNYEVAYRGI,,,,,VVSTGLIHN KTGVVSTGLIHNGDW,,,YRAVTPQGR VGVYRAVTPQGRPDA,,,,HFHNQEELL LERHFHNQEELLRFD,,,,,,,,,,,,,,,,FRGILQRRV EVAFRGILQRRVEPT,,,
,,,,LSGIGGFVL MLSGIGGFVLGLIFL,,,,,,,,,ILQRRVEPT RGILQRRVEPTVTIS,,,,,FTVQRRVHP VESFTVQRRVHPKVT,,,VAFRGILQR RHNYEVAFRGILQRR,,,,YGAVESFTV RHNYGAVESFTVQRR,,,,,,,,,,,,,,,,FVFQFKGMC PEDFVFQFKGMCYFT,,,
,,,,YVTRYIYNR RVRYVTRYIYNREEY,,,,,,,,,HHNLLICSV LNHHNLLICSVTDFY,,,,,YGAVESFTV RHNYGAVESFTVQRR,,,ILQRRVEPT RGILQRRVEPTVTIS,,,,KTGVVSTGL QEEKTGVVSTGLIHN,,,,,,,,,,,,,,,,YRAVTPQGR VGVYRAVTPQGRPDA,,,
,,,,TVCRHNYQL LDTVCRHNYQLELRT,,,,,,,,,FLGLGLIIR VLGLIFLGLGLIIRQ,,,,,FDSDVGEFR LLRFDSDVGEFRAVT,,,VLEGTRAEL QKEVLEGTRAELDTV,,,,HFHNQEELL LLERHFHNQEELLRF,,,,,,,,,,,,,,,,RVRLVTRYI GTERVRLVTRYIYNR,,,
,,,,VYRAVTPLG FDSDVEVYRAVTPLG,,,,,,,,,YRGILQRRV EVAYRGILQRRVEPT,,,,,YVTRYIYNR RVRYVTRYIYNREEY,,,FLGLGLIIR VLGLIFLGLGLIIRQ,,,,FRAVTELGR VGEFRAVTELGRPVA,,,,,,,,,,,,,,,,ILQRRVEPT RGILQRRVEPTVTIS,,,
,,,,RVRYVTRYI GTERVRYVTRYIYNR,,,,,,,,,,,,,,VMLEMTPQH QILVMLEMTPQHGDV,,,LIIRQRSQK LGLIIRQRSQKGLLH,,,,YFFNGTERV GECYFFNGTERVRLL,,,,,,,,,,,,,,,,VMLEMTPQR QILVMLEMTPQRGDV,,,
,,,,MLEMTPQHG ILVMLEMTPQHGDVY,,,,,,,,,,,,,,FKAMCYFTN DFVYQFKAMCYFTNG,,,,,,,LEYSTGECY RPRFLEYSTGECYFF,,,,,,,,,,,,,,,,VRLVTRYIY VRLVTRYIYNREEYA,,,
,,,,LIFLGLGLI VLGLIFLGLGLIIHH,,,,,,,,,,,,,,RVRYVTRYI GTERVRYVTRYIYNR,,,,,,,YCRHNYGAV DTYCRHNYGAVESFT,,,,,,,,,,,,,,,,LIIRQRSQK LGLIIRQRSQKGLLH,,,
,,,,VYQFKAMCY EDFVYQFKAMCYFTN,,,,,,,,,,,,,,FVYQFKAMC EDFVYQFKAMCYFTN,,,,,,,VQRRVHPKV SFTVQRRVHPKVTVY,,,,,,,,,,,,,,,,FYPGQIKVR VTDFYPGQIKVRWFR,,,
,,,,ALNHHNLLV RTEALNHHNLLVCSV,,,,,,,,,,,,,,YVTRYIYNR RVRYVTRYIYNREEY,,,,,,,VESFTVQRR GAVESFTVQRRVHPK,,,,,,,,,,,,,,,,GQIKVRWFR FYPGQIKVRWFRNDQ,,,
,,,,LRTTLQRRV QLELRTTLQRRVEPT,,,,,,,,,,,,,,FKAMCYFTN VYQFKAMCYFTNGTE,,,,,,,VRLLERHFH GTERVRLLERHFHNQ,,,,,,,,,,,,,,,,GLGLIIRQR LGLIFLGLGLIIRQR,,,
,,,,HNLLVCSVT HNLLVCSVTDFYPAQ,,,,,,,,,,,,,,RVRYVTRYI GTERVRYVTRYIYNR,,,,,,,YGAVESFTV RHNYGAVESFTVQRR,,,,,,,,,,,,,,,,FDSDVGVYR YARFDSDVGVYRAVT,,,
,,,,VLERTRAEL QKEVLERTRAELDTV,,,,,,,,,,,,,,MLEMTPQHG ILVMLEMTPQHGDVY,,,,,,,FDSDVGEFR LLRFDSDVGEFRAVT,,,,,,,,,,,,,,,,VFQFKGMCY VFQFKGMCYFTNGTE,,,
,,,,LERTRAELD KEVLERTRAELDTVC,,,,,,,,,,,,,,VYQFKAMCY EDFVYQFKAMCYFTN,,,,,,,YVTRYIYNR RVRYVTRYIYNREEY,,,,,,,,,,,,,,,,MLEMTPQRG MLEMTPQRGDVYTCH,,,
,,,,VTPLGPPDA YRAVTPLGPPDAEYW,,,,,,,,,,,,,,FVYQFKAMC PEDFVYQFKAMCYFT,,,,,,,FKAMCYFTN VYQFKAMCYFTNGTE,,,,,,,,,,,,,,,,VYRAVTPQG FDSDVGVYRAVTPQG,,,
,,,,EVYRAVTPL RFDSDVEVYRAVTPL,,,,,,,,,,,,,,VTPLGPPDA YRAVTPLGPPDAEYW,,,,,,,TVCRHNYQL LDTVCRHNYQLELRT,,,,,,,,,,,,,,,,RHNYEVAFR DTVCRHNYEVAFRGI,,,
,,,,,,,,,,,,,,,,,,EVYRAVTPL RFDSDVEVYRAVTPL,,,,,,,VYRAVTPLG FDSDVEVYRAVTPLG,,,,,,,,,,,,,,,,YEVAFRGIL VCRHNYEVAFRGILQ,,,
,,,,,,,,,,,,,,,,,,,,,,,,,RVRYVTRYI GTERVRYVTRYIYNR,,,,,,,,,,,,,,,,FKGMCYFTN FQFKGMCYFTNGTER,,,
,,,,,,,,,,,,,,,,,,,,,,,,,MLEMTPQHG ILVMLEMTPQHGDVY,,,,,,,,,,,,,,,,LGLIIRQRS FLGLGLIIRQRSQKG,,,
,,,,,,,,,,,,,,,,,,,,,,,,,YRAVTPLGP VEVYRAVTPLGPPDA,,,,,,,,,,,,,,,,TNGTERVRL CYFTNGTERVRLVTR,,,
,,,,,,,,,,,,,,,,,,,,,,,,,VYQFKAMCY EDFVYQFKAMCYFTN,,,,,,,,,,,,,,,,LVTRYIYNR RLVTRYIYNREEYAR,,,
,,,,,,,,,,,,,,,,,,,,,,,,,FVYQFKAMC PEDFVYQFKAMCYFT,,,,,,,,,,,,,,,,FRGILQRRV EVAFRGILQRRVEPT,,,
,,,,,,,,,,,,,,,,,,,,,,,,,YIYNREEYA VTRYIYNREEYARFD,,,,,,,,,,,,,,,,VRLVTRYIY ERVRLVTRYIYNREE,,,
,,,,,,,,,,,,,,,,,,,,,,,,,VLERTRAEL QKEVLERTRAELDTV,,,,,,,,,,,,,,,,FVFQFKGMC PEDFVFQFKGMCYFT,,,
,,,,,,,,,,,,,,,,,,,,,,,,,LERTRAELD KEVLERTRAELDTVC,,,,,,,,,,,,,,,,ERVRLVTRY YFTNGTERVRLVTRY,,,
,,,,,,,,,,,,,,,,,,,,,,,,,VTPLGPPDA YRAVTPLGPPDAEYW,,,,,,,,,,,,,,,,YRAVTPQGR VGVYRAVTPQGRPDA,,,
,,,,,,,,,,,,,,,,,,,,,,,,,TTGVVSTPL QEETTGVVSTPLIRN,,,,,,,,,,,,,,,,RVRLVTRYI GTERVRLVTRYIYNR,,,
,,,,,,,,,,,,,,,,,,,,,,,,,EVYRAVTPL RFDSDVEVYRAVTPL,,,,,,,,,,,,,,,,VAFRGILQR RHNYEVAFRGILQRR,,,
,,,,,,,,,,,,,,,,,,,,,,,,,TGVVSTPLI EETTGVVSTPLIRNG,,,,,,,,,,,,,,,,ILQRRVEPT RGILQRRVEPTVTIS,,,
,,,,,,,,,,,,,,,,,,,,,,,,,YIYNREEYA YVTRYIYNREEYARF,,,,,,,,,,,,,,,,VLEGTRAEL QKEVLEGTRAELDTV,,,
,,,,,,,,,,,,,,,,,,,,,,,,,TVCRHNYQL LDTVCRHNYQLELRT,,,,,,,,,,,,,,,,VMLEMTPQR QILVMLEMTPQRGDV,,,
,,,,,,,,,,,,,,,,,,,,,,,,,VYRAVTPLG FDSDVEVYRAVTPLG,,,,,,,,,,,,,,,,FLGLGLIIR VLGLIFLGLGLIIRQ,,,
,,,,,,,,,,,,,,,,,,,,,,,,,VMLEMTPQH QILVMLEMTPQHGDV,,,,,,,,,,,,,,,,LIIRQRSQK LGLIIRQRSQKGLLH,,,
,,,,,,,,,,,,,,,,,,,,,,,,,FVYQFKAMC RDSPEDFVYQFKAMC,,,,,,,,,,,,,,,,,,,
,,,,,,,,,,,,,,,,,,,,,,,,,RVRYVTRYI GTERVRYVTRYIYNR,,,,,,,,,,,,,,,,,,,
,,,,,,,,,,,,,,,,,,,,,,,,,YRAVTPLGP VEVYRAVTPLGPPDA,,,,,,,,,,,,,,,,,,,
,,,,,,,,,,,,,,,,,,,,,,,,,VYQFKAMCY EDFVYQFKAMCYFTN,,,,,,,,,,,,,,,,,,,
,,,,,,,,,,,,,,,,,,,,,,,,,FKAMCYFTN YQFKAMCYFTNGTER,,,,,,,,,,,,,,,,,,,
,,,,,,,,,,,,,,,,,,,,,,,,,YVTRYIYNR VRYVTRYIYNREEYA,,,,,,,,,,,,,,,,,,,
,,,,,,,,,,,,,,,,,,,,,,,,,YNREEYARF RYIYNREEYARFDSD,,,,,,,,,,,,,,,,,,,
,,,,,,,,,,,,,,,,,,,,,,,,,TTGVVSTPL QEETTGVVSTPLIRN,,,,,,,,,,,,,,,,,,,
,,,,,,,,,,,,,,,,,,,,,,,,,EVYRAVTPL RFDSDVEVYRAVTPL,,,,,,,,,,,,,,,,,,,
