04immunizer,11immunizer,15immunizer,18immunizer,20immunizer,23immunizer,28immunizer,30immunizer,31immunizer,33immunizer,39immunizer,43immunizer,48immunizer,56immunizer,57immunizer,59immunizer,61immunizer,62immunizer,64immunizer,65immunizer,70immunizer,71immunizer,75immunizer,80immunizer,12immunizer,19immunizer,21immunizer,22immunizer,25immunizer,27immunizer,29immunizer,37immunizer,40immunizer,63immunizer,66immunizer,74immunizer,82immunizer,02immunizer,06immunizer,36immunizer,41immunizer,44immunizer,45immunizer,47immunizer,52immunizer
AYLDGTCVE LRAYLDGTCVEWLRR,QRKWEAARV QITQRKWEAARVAEQ,LSFYPAEIT RCWALSFYPAEITLT,LRIALRYYN RESLRIALRYYNQSE,YWDLQTRNV GPEYWDLQTRNVKAQ,LQSMYGCDV AGSHTLQSMYGCDVG,MRYFDTAMS SHSMRYFDTAMSRPG,LRIALRYYN RESLRIALRYYNQSE,FLRGYHQYA GSDWRFLRGYHQYAY,MRYFFTSVS HSMRYFFTSVSRPGR,LGTLRGYYN RANLGTLRGYYNQSE,LSSQPTIPI LRWELSSQPTIPIVG,MRYFSTSVS SHSMRYFSTSVSWPG,TCVDGLRRY LEGTCVDGLRRYLEN,VIAGAVVAA FGAVIAGAVVAAVMW,VVAAVRWRR AGAVVAAVRWRRKSS,VKAHSQTHR TRKVKAHSQTHRVDL,IMYGCDVGS TIQIMYGCDVGSDGR,FDTAMSRPG RYFDTAMSRPGRGEP,YRENLRIAL TQTYRENLRIALRYY,WALSFYPAE LRCWALSFYPAEITL,YFYTSVSRP SMRYFYTSVSRPGRG,FLRGHNQYA DGRFLRGHNQYAYDG,KAHSQTHRV TRKVKAHSQTHRVDL,VVAAVRWRR AGAVVAAVRWRRKSS,GRCVDGLRR YLEGRCVDGLRRYLE,YFYTSVSRP SMRYFYTSVSRPGRG,RAYLEGRCV QWRAYLEGRCVEWLR,TLRCWALSF HEATLRCWALSFYPA,ITKRKWEAV AQITKRKWEAVHAAE,FYTAVSRPS SMRYFYTAVSRPSRG,YWDLQTRNV GPEYWDLQTRNVKAQ,YRESLRNLR TQTYRESLRNLRGYY,IGAVVATVM VVVIGAVVATVMCRR,WEAAHAAEQ KRKWEAAHAAEQQRA,RFLRGYHQY DVGSDGRFLRGYHQY,MRYFFTSVS HSMRYFFTSVSRPGR,FGAVITGAV LVLFGAVITGAVVAA,IMYGCDVGS TIQIMYGCDVGSDGR,FYHQEEYVR DRYFYHQEEYVRFDS,GRCVDGLRR YLEGRCVDGLRRYLE,VVAAVRWRR AGAVVAAVRWRRKSS,LGAVITGAV VLLGAVITGAVVAAV,KAHSQTHRV TRKVKAHSQTHRVDL,LQMMFGCDV SHTLQMMFGCDVGSD
LGAVITGAV VLLGAVITGAVVAAV,LLRGHDQFA DGRLLRGHDQFAYDG,CWALSFYPA TLRCWALSFYPAEIT,LRIALRYYN RESLRIALRYYNQSE,FGAVFAGAV LVLFGAVFAGAVVAA,YFDTAMSRP SMRYFDTAMSRPGRG,FDTAMSRPG SMRYFDTAMSRPGRG,MRYFFTSVS SHSMRYFFTSVSRPG,LRCWALSFY HEATLRCWALSFYPA,YFFTSVSRP SMRYFFTSVSRPGRG,WEAVHAAEQ KRKWEAVHAAEQRRV,AYLDGTCVE LRAYLDGTCVEWLRR,MVAVVMCRR LGAMVAVVMCRRKSS,VGSDGRFLR GCDVGSDGRFLRGYH,RAYLEGRCV EQWRAYLEGRCVEWL,WASVVVPSG FQKWASVVVPSGQEQ,DWRFLRGYH GCDVGSDWRFLRGYH,LRWELSSQP KPLTLRWELSSQPTI,LLRGHNQYA DGRLLRGHNQYAYDG,LCVEWLRRH LEGLCVEWLRRHLEN,FLRGYHQYA DGRFLRGYHQYAYDG,WVAVVVPSG FQKWVAVVVPSGQEQ,WEAARVAEQ QRKWEAARVAEQLRA,EAAHVAEQL HKWEAAHVAEQLRAY,MRYFTTSVS SHSMRYFTTSVSRPG,VHAAEQRRV WEAVHAAEQRRVYLE,FYTSVSRPG MRYFYTSVSRPGRGE,LQRTDAPKT KETLQRTDAPKTHMT,LSFYPAEIT CWALSFYPAEITLTW,VHAAEQRRV KWEAVHAAEQRRVYL,YTAVSRPSR YTAVSRPSRGEPHFI,FGAVFAGAV LVLFGAVFAGAVVAA,YIALNEDLS GKDYIALNEDLSSWT,VVATVMCRR VIGAVVATVMCRRKS,YFYTSVSRP HSMRYFYTSVSRPGR,FLRGYHQYA GSDGRFLRGYHQYAY,FGAVITGAV LVLFGAVITGAVVAA,WALSFYPAE LRCWALSFYPAEITL,MRYFFTSVS SHSMRYFFTSVSRPG,YFYHQEEYV FLDRYFYHQEEYVRF,FFTSVSRPG SMRYFFTSVSRPGRG,YWDLQTRNV GPEYWDLQTRNVKAQ,GRFLRGYRQ GSDGRFLRGYRQDAY,LQRTDAPKT KETLQRTDAPKTHMT,AHVAEQQRA WEAAHVAEQQRAYLE
RAYLDGTCV QLRAYLDGTCVEWLR,WEAARVAEQ QRKWEAARVAEQLRA,TLRCWALSF HEATLRCWALSFYPA,MRYFFTSVS HSMRYFFTSVSRPGR,FQKWASVVV GTFQKWASVVVPSGQ,MRYFDTAMS HSMRYFDTAMSRPGR,MRYFDTAMS HSMRYFDTAMSRPGR,FFTSVSRPG HSMRYFFTSVSRPGR,CWALSFYPA TLRCWALSFYPAEIT,FFTSVSRPG MRYFFTSVSRPGRGE,WELSSQPTI KPLTLRWELSSQPTI,RAYLDGTCV QLRAYLDGTCVEWLR,AQADRVNLR KRQAQADRVNLRKLR,LKEDLRSWT DYIALKEDLRSWTAA,FLRGYQQDA DGRFLRGYQQDAYDG,FTTSVSRPG SMRYFTTSVSRPGRG,WRFLRGYHQ GSDWRFLRGYHQYAY,LGAVITGAV LVLLGAVITGAVVAA,IFKTNTQTD NTQIFKTNTQTDRES,RYFYTAMSR HSMRYFYTAMSRPGR,VITGAVVAA FGAVITGAVVAAVMW,MRYFYTSVS SHSMRYFYTSVSRPG,IFKTNTQTY NTQIFKTNTQTYRES,AAHVAEQLR KWEAAHVAEQLRAYL,IQMMYGCDV GSHTIQMMYGCDVGS,WEAVHAAEQ KRKWEAVHAAEQRRV,VVAAVMCRR VIGAVVAAVMCRRKS,WRAYLEGRC AEQWRAYLEGRCVEW,WALSFYPAE LRCWALSFYPAEITL,NLGTLRGYY NLGTLRGYYNQSEDG,VVAVVMCRR VLGAVVAVVMCRRKS,YFTTSVSRP SMRYFTTSVSRPGRG,FYTAMSRPG MRYFYTAMSRPGRGE,GLCVEWLRR RAYLEGLCVEWLRRH,FYTSVSRPG SMRYFYTSVSRPGRG,LQMMFGCDV GSHTLQMMFGCDVGS,WRFLRGYHQ GSDWRFLRGYHQYAY,WEAAHVAEQ KHKWEAAHVAEQLRA,LRWELSSQP PLTLRWELSSQPTIP,YGVVESFTV RHNYGVVESFTVQRR,WELSSQPTI LTLRWELSSQPTIPI,FGAVFAGAV LVLFGAVFAGAVVAA,WELSSQPTI KPLTLRWELSSQPTI,TLRCWALSF EATLRCWALSFYPAE,TVPIVGIIA SSQPTVPIVGIIAGL
GRFLRGYRQ GSDGRFLRGYRQDAY,GRLLRGHDQ GPDGRLLRGHDQFAY,FLRGYHQYA RFLRGYHQYAYDGKD,IIAGLVLFG VGIIAGLVLFGAMFA,YFTTSVSRP SMRYFTTSVSRPGRG,FDTAMSRPG MRYFDTAMSRPGRGE,IMGIVAGLA TIPIMGIVAGLAVLV,FGAMFAGAV LVLFGAMFAGAVVAA,TLRCWALSF SDHEATLRCWALSFY,RYFFTSVSR HSMRYFFTSVSRPGR,IQIMYGCDV DGSHTIQIMYGCDVG,LGAVITGAV LVLLGAVITGAVVAA,LLRGYNQFA DGRLLRGYNQFAYDG,YIALKEDLR GKDYIALKEDLRSWT,GRFLRGYQQ GPDGRFLRGYQQDAY,WRRKSSDRK VRWRRKSSDRKGGSY,HRVDLGTLR QTHRVDLGTLRGYYN,LSSQPTIPI RWELSSQPTIPIVGI,MRYFDTAMS SHSMRYFDTAMSRPG,YTAMSRPGR SMRYFYTAMSRPGRG,YFYTSMSRP SMRYFYTSMSRPGRG,FYTSVSRPG MRYFYTSVSRPGRGE,VAEQLRAYL WEAARVAEQLRAYLE,AHVAEQLRA WEAAHVAEQLRAYLE,FTTSVSRPG HSMRYFTTSVSRPGR,FDSDAASQK VRFDSDAASQKMEPR,MRYFYTSVS HSMRYFYTSVSRPGR,TLRCWALSF EATLRCWALSFYPAE,VKAHSQTHR TRKVKAHSQTHRVDL,CVDGLRRYL GRCVDGLRRYLENGK,YKRQAQTDR TQKYKRQAQTDRVNL,WASVVVPSG TFQKWASVVVPSGQE,TQIFKTNTQ RNTQIFKTNTQTYRE,WEPSSQSTI TLRWEPSSQSTIPIV,RAYLEGRCV QQRAYLEGRCVEWLR,YIALKEDLR GKDYIALKEDLRSWT,YFFTSVSRP SMRYFFTSVSRPGRG,WRFLRGYHQ GSDWRFLRGYHQYAY,YFFTSVSRP HSMRYFFTSVSRPGR,FYPAQIKVR VTDFYPAQIKVRWFR,VHAAEQRRV WEAVHAAEQRRVYLE,FQKWASVVV GTFQKWASVVVPSGQ,IQIMYGCDV GSHTIQIMYGCDVGS,LSFYPAEIT CWALSFYPAEITLTW,VAEQQRAYL AAHVAEQQRAYLEGT
WELSSQPTI KPLTLRWELSSQPTI,RKWEAARVA ITQRKWEAARVAEQL,FGAVITGAV LVLFGAVITGAVVAA,SLRIALRYY SQTDRESLRIALRYY,WASVVVPSG TFQKWASVVVPSGQE,PRFISVGYV RGEPRFISVGYVDDT,VVTAMMCRR VLGAVVTAMMCRRKS,YFFTSVSRP SMRYFFTSVSRPGRG,WRFLRGYHQ GSDWRFLRGYHQYAY,MRYFFTSVS SHSMRYFFTSVSRPG,LGAVITGAV VLLGAVITGAVVAAV,WELSSQPTI TLRWELSSQPTIPIV,VLAVLGAMV VLAVLAVLGAMVAVV,YYNQSEAGS ALRYYNQSEAGSHTL,IAGAVVAAV GAVIAGAVVAAVMWR,AVVAAVRWR GAVFAGAVVAAVRWR,FLRGYHQYA RFLRGYHQYAYDGKD,YTQAASSDS GGSYTQAASSDSAQG,FKTNTQTDR TQIFKTNTQTDRESL,VVATVMCRR IGAVVATVMCRRKSS,WVAVVVPSG FQKWVAVVVPSGQEQ,IQMMYGCDV SHTIQMMYGCDVGSD,LGPDGRFLR GCDLGPDGRFLRGHN,WEAAHVAEQ KHKWEAAHVAEQLRA,VVAAVRWRR AGAVVAAVRWRRKSS,TRNMKAHSQ DQETRNMKAHSQTDR,VIGAVVAAV AVVVIGAVVAAVMCR,LSFYPAEIT CWALSFYPAEITLTW,WRFLRGYHQ GSDWRFLRGYHQYAY,RVYLEGRCV QRRVYLEGRCVDGLR,SHTLQRMYG EAGSHTLQRMYGCDL,LGTLRGYYN RANLGTLRGYYNQSE,WEAARVAEQ QRKWEAARVAEQLRA,YRENLRIAL QTYRENLRIALRYYN,MRYFYTSVS SHSMRYFYTSVSRPG,YFSTSVSRP HSMRYFSTSVSRPGR,YIALKEDLR GKDYIALKEDLRSWT,YIALKEDLR GKDYIALKEDLRSWT,TLRWELSSQ KPLTLRWELSSQPTI,LIIHHRSQK GLGLIIHHRSQKGLL,FDSDAASQK VRFDSDAASQKMEPR,YFTTSVSRP SMRYFTTSVSRPGRG,YTQAASSDS KGGSYTQAASSDSAQ,WALSFYPAE LRCWALSFYPAEITL,GRFLRGYHQ GSDGRFLRGYHQYAY
IQIMYGCDV GSHTIQIMYGCDVGS,IQRMYGCDL GSHIIQRMYGCDLGP,WALSFYPAE LRCWALSFYPAEITL,FGAMFAGAV LVLFGAMFAGAVVAA,VVAAVRWRR FAGAVVAAVRWRRKS,MRYFDTAMS SHSMRYFDTAMSRPG,MRYFDTAVS SHSMRYFDTAVSRPG,LRIALRYYN RESLRIALRYYNQSE,DWRFLRGYH VGSDWRFLRGYHQYA,FTSVSRPGR FFTSVSRPGRGEPRF,RVYLEGRCV RRVYLEGRCVDGLRR,YTQAASSDS GGSYTQAASSDSAQG,SMRYFSTSV SHSMRYFSTSVSWPG,DGRFLRGYH DVGSDGRFLRGYHQY,YFYTSVSRP HSMRYFYTSVSRPGR,DGRFLRGYQ VGSDGRFLRGYQQDA,FGAVITGAV LVLFGAVITGAVVAA,LSSQPTIPI RWELSSQPTIPIVGI,MRYFDTAMS SHSMRYFDTAMSRPG,LRIALRYYN TYRENLRIALRYYNQ,YSQAASSDS GGSYSQAASSDSAQG,FQKWVAVVV DGTFQKWVAVVVPSG,FKTNTQTYR TQIFKTNTQTYRESL,DWRFLRGYH GCDVGSDWRFLRGYH,FGAVFAGAV LVLFGAVFAGAVVAA,RVYLEGRCV QRRVYLEGRCVDGLR,IGAVVAAVM VVVIGAVVAAVMCRR,WALSFYPAE LRCWALSFYPAEITL,DWRFLRGYH GCDVGSDWRFLRGYH,GRCVDGLRR YLEGRCVDGLRRYLE,VVAVVMCRR LGAVVAVVMCRRKSS,FAGAVVAAV FGAVFAGAVVAAVRW,IFKTNTQTY TQIFKTNTQTYRESL,LRIALRYYN YRENLRIALRYYNQS,KRKWEAAHA QITKRKWEAAHAAEQ,SMRYFSTSV GSHSMRYFSTSVSRP,FFTSVSRPG MRYFFTSVSRPGRGE,TLRWEPSSQ KPLTLRWEPSSQPTI,IQIMYGCDV SHTIQIMYGCDVGSD,VYQFKGMCY EDFVYQFKGMCYFTN,GRFLRGYRQ GPDGRFLRGYRQDAY,WASVVVPSG TFQKWASVVVPSGQE,LSSQPTIPI TLRWELSSQPTIPIV,DWRFLRGYH GCDVGSDWRFLRGYH,FLRGYHQYA DGRFLRGYHQYAYDG
YTQAASSDS KGGSYTQAASSDSAQ,YKRQAQADR TQKYKRQAQADRVNL,WRFLRGYHQ GSDWRFLRGYHQYAY,IALRYYNQS RIALRYYNQSEAGSH,FAGAVVAAV GAVFAGAVVAAVRWR,VAEQDRAYL AARVAEQDRAYLEGT,IVAGLAVLV IPIMGIVAGLAVLVV,FTSVSRPGR MRYFFTSVSRPGRGE,RCWALSFYP ATLRCWALSFYPAEI,FFTSVSRPG MRYFFTSVSRPGRGE,VHAAEQRRV KWEAVHAAEQRRVYL,FLRGYRQDA DGRFLRGYRQDAYDG,LTVEWSARS TSPLTVEWSARSESA,YIALKEDLR KDYIALKEDLRSWTA,FYTSVSRPG SMRYFYTSVSRPGRG,IDRVDLGTL SQIDRVDLGTLRGYY,YIALKEDLR GKDYIALKEDLRSWT,TAADMAAQI RSWTAADMAAQITKR,LERADPPKT KDTLERADPPKTHVT,IALNEDLSS KDYIALNEDLSSWTA,MRYFYTSMS HSMRYFYTSMSRPGR,VDLGTLRGY SQTDRVDLGTLRGYY,IFKTNTQTY NTQIFKTNTQTYRES,WRFLRGYHQ GSDWRFLRGYHQYAY,YFTTSVSRP SMRYFTTSVSRPGRG,YWDQETRNM EYWDQETRNMKAHSQ,YFYTSVSRP SMRYFYTSVSRPGRG,IAGAVVAAV GAVIAGAVVAAVMWR,HRVDLGTLR QTHRVDLGTLRGYYN,VHAAEQRRV WEAVHAAEQRRVYLE,FYTAVSRPS MRYFYTAVSRPSRGE,IQMMYGCDV SHTIQMMYGCDVGSD,MRYFYTAMS HSMRYFYTAMSRPGR,CVEWLRRHL AYLEGLCVEWLRRHL,GRCVEWLRR AYLEGRCVEWLRRYL,NLRIALRYY SQTDRENLRIALRYY,FFTSVSRPG SMRYFFTSVSRPGRG,VITGAVVAA FGAVITGAVVAAVMW,LSSQPTIPI TLRWELSSQPTIPIV,YRAVTPLGP VGVYRAVTPLGPPAA,RVYLEGRCV QRRVYLEGRCVDGLR,WDLQTRNVK PEYWDLQTRNVKAQS,LSSQPTIPI LTLRWELSSQPTIPI,WRFLRGYHQ GSDWRFLRGYHQYAY,WEPSSQPTV TLRWEPSSQPTVPIV
LSSQPTIPI TLRWELSSQPTIPIV,WKPSSQPTI TLRWKPSSQPTIPIV,LRGYHQYAY DWRFLRGYHQYAYDG,,IQMMYGCDV SHTIQMMYGCDVGSD,PRFISVGYV RGEPRFISVGYVDDT,MRYFDTAVS HSMRYFDTAVSRPGR,NLLVCSVSG QHYNLLVCSVSGFYP,FLRGYHQYA RFLRGYHQYAYDGKD,IGAVVATVM VVVIGAVVATVMCRR,YTQAASSDS KGGSYTQAASSDSAQ,LGAVITGAV LVLLGAVITGAVVAA,YFFNGTERV GECYFFNGTERVRFL,RENLRIALR AHSQTDRENLRIALR,MRYFYTSVS SHSMRYFYTSVSRPG,YFTTSVSRP YFTTSVSRPGRGEPR,MAAQTTKHK AADMAAQTTKHKWEA,FDSDATSPR VRFDSDATSPRKEPR,SHTLQSMYG EAGSHTLQSMYGCDV,IFKTNTQTY NTQIFKTNTQTYREN,FGAVITGAV LVLFGAVITGAVVAA,IQMMYGCDV GSHTIQMMYGCDVGS,FGCDLGPDG QRMFGCDLGPDGRLL,YFFTSVSRP SMRYFFTSVSRPGRG,IQMMYGCDV GSHTIQMMYGCDVGS,KRKWEAVHA QITKRKWEAVHAAEQ,IYKAQAQTD NTQIYKAQAQTDRES,YFYTSVSRP SMRYFYTSVSRPGRG,RCWALSFYP ATLRCWALSFYPAEI,WEAVHAAEQ KRKWEAVHAAEQRRV,YTAVSRPSR RYFYTAVSRPSRGEP,MRYFTTSVS SHSMRYFTTSVSRPG,YFYTAMSRP SMRYFYTAMSRPGRG,LRIALRYYN TYRENLRIALRYYNQ,CVEWLRRYL GRCVEWLRRYLENGK,DGRFLRGYH DVGSDGRFLRGYHQY,VQRMYGCDV GSHTVQRMYGCDVGS,LKEDLRSWT DYIALKEDLRSWTAA,YTQAASSDS GGSYTQAASSDSAQG,FKGMCYFTN YQFKGMCYFTNGTER,MRYFFTSVS SHSMRYFFTSVSRPG,FTTSVSRPG MRYFTTSVSRPGRGE,LTLRWELSS PKPLTLRWELSSQPT,VAAVMWRRK VAAVMWRRKSSDRKG,WEAAHVAEQ KRKWEAAHVAEQQRA
VGSDGRFLR GCDVGSDGRFLRGYR,TLRWKPSSQ PLTLRWKPSSQPTIP,VGSDWRFLR CDVGSDWRFLRGYHQ,,MRYFTTSVS SHSMRYFTTSVSRPG,FDTAMSRPG RYFDTAMSRPGRGEP,IMGIVAGLA TIPIMGIVAGLAVLV,YNLLVCSVS LQHYNLLVCSVSGFY,FGAVITGAV LVLFGAVITGAVVAA,TQIFKTNTQ RNTQIFKTNTQTYRE,LSSQPTIPI TLRWELSSQPTIPIV,LSSQPTIPI RWELSSQPTIPIVGI,FLEDRRALV QKDFLEDRRALVDTY,YHQYAYDGK LRGYHQYAYDGKDYI,YYNQSEDGS LRGYYNQSEDGSHTI,AVRWRRKSS VAAVRWRRKSSDRKG,FLRGYHQYA RFLRGYHQYAYDGKD,YVDDTLFVR FITVGYVDDTLFVRF,FDTAMSRPG SMRYFDTAMSRPGRG,FKTNTQTYR TQIFKTNTQTYRENL,FYTSMSRPG MRYFYTSMSRPGRGE,RYFYTSVSR SMRYFYTSVSRPGRG,LRGYYNQSE LRKLRGYYNQSEDGS,VAAVMWRRK VAAVMWRRKSSDRKG,SMRYFTTSV GSHSMRYFTTSVSRP,DRANLGTLR SQTDRANLGTLRGYY,VVAAVMCRR VIGAVVAAVMCRRKS,YLEGRCVEW WRAYLEGRCVEWLRR,FLRGYHQYA RFLRGYHQYAYDGKD,FDSDAASQK VRFDSDAASQKMEPR,,FQKWASVVV DGTFQKWASVVVPSG,RYFYTAMSR HSMRYFYTAMSRPGR,YRENLRIAL TQTYRENLRIALRYY,YTSVSRPGR SMRYFYTSVSRPGRG,AVMWRRNSS VAAVMWRRNSSDRKG,HRVDLGTLR QTHRVDLGTLRGYYN,VGSDWRFLR GCDVGSDWRFLRGYH,WELSSQPTI KPLTLRWELSSQPTI,RVRLVTRYI GTERVRLVTRYIYNR,LRWELSSQP PLTLRWELSSQPTIP,FAGAVVAAV FGAVFAGAVVAAVRW,ITKRKWEAA AAQITKRKWEAAHVA,YFYTSVSRP SMRYFYTSVSRPGRG,MRYFSTSVS SHSMRYFSTSVSRPG
YRESLRNLR TQTYRESLRNLRGYY,VLAVLGAMV VLAVLAVLGAMVAVV,LKEDLRSWT YIALKEDLRSWTAAD,,WEAARVAEQ QRKWEAARVAEQLRA,DRESLRNLR NTQTDRESLRNLRGY,VTAMMCRRK LGAVVTAMMCRRKSS,HYNLLVCSV QPLQHYNLLVCSVSG,LSFYPAEIT LRCWALSFYPAEITL,IQRMYGCDL GSHIIQRMYGCDLGP,LGTLRGYYN RANLGTLRGYYNQSE,GRFLRGYRQ GSDGRFLRGYRQDAY,YRAVTPLGR VGVYRAVTPLGRLDA,ENLRIALRY HSQTDRENLRIALRY,IQRMYGCDV SHTIQRMYGCDVGPD,VKAHSQIDR TRNVKAHSQIDRVDL,FGAVITGAV LVLFGAVITGAVVAA,GLCVESLRR YLEGLCVESLRRYLE,YLENGKDTL LRRYLENGKDTLERA,LRAYLEGLC AEQLRAYLEGLCVEW,YIALKEDLR GKDYIALKEDLRSWT,YTSVSRPGR RYFYTSVSRPGRGEP,YKRQAQADR TQKYKRQAQADRVNL,FGAVITGAV LVLFGAVITGAVVAA,FAGAVVAAV GAVFAGAVVAAVRWR,YLEGRCVDG VYLEGRCVDGLRRYL,MRYFYTSVS HSMRYFYTSVSRPGR,RCWALSFYP ATLRCWALSFYPAEI,FGAVITGAV LVLFGAVITGAVVAA,TRNMKAHSQ DQETRNMKAHSQTDR,,FTTSVSRPG RYFTTSVSRPGRGEP,IFKTNTQTY NTQIFKTNTQTYRES,LCVEWLRRH LEGLCVEWLRRHLEN,EVTLRCWAL DHEVTLRCWALGFYP,SMRYFSTSV SHSMRYFSTSVSRPG,DWRFLRGYH VGSDWRFLRGYHQYA,VKAHSQTHR TRKVKAHSQTHRVDL,IQIMYGCDV GSHTIQIMYGCDVGS,YIYNREEYA LVTRYIYNREEYARF,LSSQPTIPI RWELSSQPTIPIVGI,MAAQITQRK MAAQITQRKWEAARV,DGRFLRGYR VGSDGRFLRGYRQDA,RCWALSFYP ATLRCWALSFYPAEI,RENLRIALR SQTDRENLRIALRYY
IFKTNTQTY TQIFKTNTQTYRESL,YFSTSVSWP SMRYFSTSVSWPGRG,VKAHSQTHR TRKVKAHSQTHRVDL,,GRFLRGYRQ GSDGRFLRGYRQDAY,QIFKTNTQT DRNTQIFKTNTQTDR,YFDTAVSRP SMRYFDTAVSRPGRG,FVRFDSDVG QEEFVRFDSDVGEYR,YIALKEDLR GKDYIALKEDLRSWT,IFKTNTQTY NTQIFKTNTQTYRES,MAAQITKRK AADMAAQITKRKWEA,IQIMYGCDV GSHTIQIMYGCDVGS,ILEEDRASV QKDILEEDRASVDTV,LQMMFGCDV GSHTLQMMFGCDVGS,FGAVIAGAV LVLFGAVIAGAVVAA,FGAVFAGAV LVLFGAVFAGAVVAA,WRFLRGYHQ GSDWRFLRGYHQYAY,YLEGLCVES RAYLEGLCVESLRRY,LQSMYGCDV AGSHTLQSMYGCDVG,YRENLRIAL TQTYRENLRIALRYY,TLRWEPSSQ KPLTLRWEPSSQPTI,WVAVVVPSG FQKWVAVVVPSGQEQ,LRKLRGYYN RVNLRKLRGYYNQSE,FFTSVSRPG MRYFFTSVSRPGRGE,MRYFTTSVS SHSMRYFTTSVSRPG,VHAAEQRRV KWEAVHAAEQRRVYL,VIGAVVAAV AVVVIGAVVAAVMCR,GRCVEWLRR RAYLEGRCVEWLRRY,SFYPAEITL WALSFYPAEITLTWQ,RVYLEGRCV QRRVYLEGRCVDGLR,,VVAAVRWRR AGAVVAAVRWRRKSS,YTAMSRPGR SMRYFYTAMSRPGRG,VVATVMCRR IGAVVATVMCRRKSS,YIALNEDLS GKDYIALNEDLSSWT,FLRGYHQYA GSDGRFLRGYHQYAY,RAYLEGTCV QLRAYLEGTCVEWLR,VAEQLRAYL WEAAHVAEQLRAYLE,YFFTSVSRP SMRYFFTSVSRPGRG,IIHHRSQKG LGLIIHHRSQKGLLH,WEAVHAAEQ KRKWEAVHAAEQRRV,AVRWRRKSS AAVRWRRKSSDRKGG,MAAQITKRK MAAQITKRKWEAAHV,FYTSVSRPG FYTSVSRPGRGEPRF,YLEGTCVDG QRAYLEGTCVDGLRR
YRESLRNLR TQTYRESLRNLRGYY,LGAMVAVVM LAVLGAMVAVVMCRR,WRFLRGYHQ GSDWRFLRGYHQYAY,,VVAAVRWRR AGAVVAAVRWRRKSS,QRKWEAARV TQRKWEAARVAEQDR,FDTAVSRPG MRYFDTAVSRPGRGE,PLQHYNLLV KTQPLQHYNLLVCSV,,AVVATVMCR VIGAVVATVMCRRKS,GRFLRGYRQ GPDGRFLRGYRQDAY,VITGAVVAA VLLGAVITGAVVAAV,VRGVTRYIY TERVRGVTRYIYNRE,WRRNSSDRK VMWRRNSSDRKGGSY,GRCVEWLRR AYLEGRCVEWLRRYL,FLRGYQQDA DGRFLRGYQQDAYDG,YIALKEDLR GKDYIALKEDLRSWT,YRENLRTAL TQTYRENLRTALRYY,LLRGHNQYA DGRLLRGHNQYAYDG,LCVEWLRRH LEGLCVEWLRRHLEN,WEAAHVAEQ KHKWEAAHVAEQWRA,FYTSVSRPG MRYFYTSVSRPGRGE,FSTSVSWPG MRYFSTSVSWPGRGE,LRGYHQYAY DWRFLRGYHQYAYDG,FQKWASVVV DGTFQKWASVVVPSG,WEAVHAAEQ KRKWEAVHAAEQRRV,IMGIVAGLA TIPIMGIVAGLAVLV,FYTSVSRPG FYTSVSRPGRGEPRF,YIALKEDLR GKDYIALKEDLRSWT,YWDQETRNM EYWDQETRNMKAHSQ,,NLGTLRGYY RANLGTLRGYYNQSE,VVATVMCRR IGAVVATVMCRRKSS,YNQEESVRF DRYFYNQEESVRFDS,YLEGLCVES DRAYLEGLCVESLRR,LQMMFGCDV GSHTLQMMFGCDVGS,YIALKEDLR KDYIALKEDLRSWTA,HRVDLGTLR SQTHRVDLGTLRGYY,AYLDGTCVE LRAYLDGTCVEWLRR,YQLELRTTL RHNYQLELRTTLQRR,TRNMKAHSQ DQETRNMKAHSQTDR,AVVAAVRWR GAVFAGAVVAAVRWR,FLRGYRQDA DGRFLRGYRQDAYDG,FGAVITGAV LVLFGAVITGAVVAA,SHTLQMMFG SEAGSHTLQMMFGCD
FKTNTQTYR TQIFKTNTQTYRESL,PSSQPTIPI RWKPSSQPTIPIVGI,DWRFLRGYH VGSDWRFLRGYHQYA,,WASVVVPSG TFQKWASVVVPSGQE,FKTNTQTDR TQIFKTNTQTDRESL,VRYLDRYFH GTERVRYLDRYFHNQ,FVRFDSDVG QEEFVRFDSDVGEYR,,IQRMYGCDL AGSHIIQRMYGCDLG,LLRGHNQYA GRLLRGHNQYAYDGK,IGAVVAAVM VVVIGAVVAAVMCRR,,VAEQQRAYL AAHVAEQQRAYLEGT,CVEWLRRYL GRCVEWLRRYLENGK,FQKWASVVV GTFQKWASVVVPSGQ,DWRFLRGYH VGSDWRFLRGYHQYA,FVRFDSDAT TLFVRFDSDATSPRK,YSQAACSDS GGSYSQAACSDSAQG,IFKTNTQTY TQIFKTNTQTYRENL,LRCWALSFY HEATLRCWALSFYPA,MRYFYTSVS GSHSMRYFYTSVSRP,LLRGYNQFA DGRLLRGYNQFAYDG,VGSDWRFLR CDVGSDWRFLRGYHQ,VAAVRWRRK VAAVRWRRKSSDRKG,RVYLEGRCV RRVYLEGRCVDGLRR,VVTAMMCRR VLGAVVTAMMCRRKS,FGAVIAGAV LVLFGAVIAGAVVAA,MAAQTTKHK AADMAAQTTKHKWEA,KRKWEAVHA QITKRKWEAVHAAEQ,,DGRFLRGYR GSDGRFLRGYRQDAY,YRESLRNLR TQTYRESLRNLRGYY,YFYNQEESV FLDRYFYNQEESVRF,FYTAMSRPG MRYFYTAMSRPGRGE,YIALKEDLR GKDYIALKEDLRSWT,KHKWEAAHV QTTKHKWEAAHVAEQ,YIALKEDLR GKDYIALKEDLRSWT,LGAVITGAV VLLGAVITGAVVAAV,VRLVTRYIY VRLVTRYIYNREEYA,PLTLRWELS LPKPLTLRWELSSQP,MRYFTTSVS SHSMRYFTTSVSRPG,GRFLRGYRQ GSDGRFLRGYRQDAY,LQRTDAPKT KETLQRTDAPKTHMT,YIALKEDLR GKDYIALKEDLRSWT
IFKTNTQTY NTQIFKTNTQTYRES,YYNQSEDGS LRGYYNQSEDGSHTL,IALKEDLRS KDYIALKEDLRSWTA,,RKWEAARVA ITQRKWEAARVAEQL,LGAVVTAMM LAVLGAVVTAMMCRR,VRYLDRYFH TERVRYLDRYFHNQE,VRFLDRYFH TERVRFLDRYFHNQE,,IFKTNTQTY NTQIFKTNTQTYRES,MRYFDTAMS SHSMRYFDTAMSRPG,YFYTSVSRP SMRYFYTSVSRPGRG,,NLRIALRYY SQTDRENLRIALRYY,DRANLGTLR SQTDRANLGTLRGYY,MRYFTTSVS HSMRYFTTSVSRPGR,SHTLQRMYG EAGSHTLQRMYGCDV,GYVDDTLFV FITVGYVDDTLFVRF,LQRMYGCDL SHTLQRMYGCDLGPD,RYFYTAMSR RYFYTAMSRPGRGEP,CWALSFYPA TLRCWALSFYPAEIT,WDRNTRNVK PEYWDRNTRNVKAQS,YFSTSVSWP SMRYFSTSVSWPGRG,MRYFFTSVS SHSMRYFFTSVSRPG,YRESLRNLR QTYRESLRNLRGYYN,LGTLRGYYN RANLGTLRGYYNQSE,MRYFDTAVS SHSMRYFDTAVSRPG,FQKWASVVV DGTFQKWASVVVPSG,FYPAEITLT WALSFYPAEITLTWQ,DRANLGTLR SQTDRANLGTLRGYY,,LVLFGAVFA IAGLVLFGAVFAGAV,IALNEDLSS KDYIALNEDLSSWTA,FNGTERVRF FFNGTERVRFLDRYF,YRENLRTAL TQTYRENLRTALRYY,YFSTSVSRP SMRYFSTSVSRPGRG,AHVAEQLRA HKWEAAHVAEQLRAY,FDSDATSPR VRFDSDATSPRKEPR,RAYLDGTCV QLRAYLDGTCVEWLR,LGLIIHHRS LGLGLIIHHRSQKGL,YWDQETRNM EYWDQETRNMKAHSQ,VAAVRWRRK VAAVRWRRKSSDRKG,TLRWELSSQ KPLTLRWELSSQPTI,LSFYPAEIT CWALSFYPAEITLTW,YFSTSVSRP SMRYFSTSVSRPGRG
MVAVVMCRR LGAMVAVVMCRRKSS,LQRMFGCDL SHTLQRMFGCDLGPD,VVAAVMCRR VIGAVVAAVMCRRKS,,FQKWASVVV DGTFQKWASVVVPSG,IMGIVAGLA TIPIMGIVAGLAVLV,SIYNREEIV VSRSIYNREEIVRFD,HNYEVAYRG VCRHNYEVAYRGILQ,,VVATVMCRR IGAVVATVMCRRKSS,YFDTAMSRP SMRYFDTAMSRPGRG,IYKAQAQTD NTQIYKAQAQTDRES,,RYFSTSVSR HSMRYFSTSVSRPGR,YTSVSRPGR SMRYFYTSVSRPGRG,FAGAVVAAV FGAVFAGAVVAAVRW,RAYLEGLCV EQWRAYLEGLCVEWL,YRENLRTAL TQTYRENLRTALRYY,FLEYSTSEC RPRFLEYSTSECHFF,MRYFYTAMS HSMRYFYTAMSRPGR,DGRFLRGYH DVGPDGRFLRGYHQY,VAEQWRAYL AAHVAEQWRAYLEGT,MVAVVMCRR LGAMVAVVMCRRKSS,FFTSVSRPG SMRYFFTSVSRPGRG,LCVEWLRRY LEGLCVEWLRRYLEN,LERADPPKT KDKLERADPPKTHVT,IVAGLAVLV IPIMGIVAGLAVLVV,YFHTAMSRP HSMRYFHTAMSRPGR,TLRCWALSF HEATLRCWALSFYPA,YLEGRCVDG VYLEGRCVDGLRRYL,,LQTRNVKAQ WDLQTRNVKAQSQTD,LCVEWLRRY LEGLCVEWLRRYLEN,SFTVQRRVQ VGESFTVQRRVQPKV,LEGLCVESL RAYLEGLCVESLRRY,GRFLRGYHQ CDVGSDGRFLRGYHQ,MAAQTTKHK AADMAAQTTKHKWEA,YVDDTLFVR FITVGYVDDTLFVRF,FFTSVSRPG MRYFFTSVSRPGRGE,,KRKWEAVHA QITKRKWEAVHAAEQ,VVAAVRWRR AGAVVAAVRWRRKSS,IQRMYGCDL AGSHIIQRMYGCDLG,VGSDWRFLR GCDVGSDWRFLRGYH,RKWEAAHVA ITKRKWEAAHVAEQQ
LRKLRGYYN DRVNLRKLRGYYNQS,GRLLRGYNQ GPDGRLLRGYNQFAY,VIGAVVAAV AVVVIGAVVAAVMCR,,DMSLTACKV DSAQGSDMSLTACKV,RKLEAARAA ITQRKLEAARAAEQL,FYPAQIKVR VTDFYPAQIKVRWFR,FYPSQIKVR VTDFYPSQIKVRWFR,,QRKWEAARV TQRKWEAARVAEQLR,FDTAMSRPG RYFDTAMSRPGRGEP,VVAAVMCRR VIGAVVAAVMCRRKS,,MRYFSTSVS SHSMRYFSTSVSRPG,VGPDGRFLR GCDVGPDGRFLRGYQ,IQMMYGCDV GSHTIQMMYGCDVGS,WRAYLEGLC AEQWRAYLEGLCVEW,VRFDSDATS TLFVRFDSDATSPRK,RFLEYSTSE DTRPRFLEYSTSECH,VVATVMCRR IGAVVATVMCRRKSS,FQKWVAVVV DGTFQKWVAVVVPSG,AAHVAEQWR HKWEAAHVAEQWRAY,FAYDGKDYI YNQFAYDGKDYIALN,VKAHSQTHR TRKVKAHSQTHRVDL,RAYLEGLCV EQWRAYLEGLCVEWL,GYVDDTLFV ITVGYVDDTLFVRFD,LGAVVTAMM LAVLGAVVTAMMCRR,LRNLRGYYN YRESLRNLRGYYNQS,FLRGYHQYA RFLRGYHQYAYDGKD,LLRGHNQYA DGRLLRGHNQYAYDG,,YFTTSVSRP RYFTTSVSRPGRGEP,FKTNTQTYR TQIFKTNTQTYRESL,FTVQRRVQP GESFTVQRRVQPKVT,YTAMSRPGR YTAMSRPGRGEPRFI,VGYVDDTLF FITVGYVDDTLFVRF,MRYFFTSVS GSHSMRYFFTSVSRP,GLCVESLRR YLEGLCVESLRRYLE,YTQAASSDS KGGSYTQAASSDSAQ,,TLRWELSSQ PKPLTLRWELSSQPT,NLGTLRGYY RANLGTLRGYYNQSE,GLCVEWLRR AYLEGLCVEWLRRYL,VKAHSQTHR TRKVKAHSQTHRVDL,KRKWEAAHV QITKRKWEAAHVAEQ
MRYFSTSVS SHSMRYFSTSVSWPG,MRYFSTSVS SHSMRYFSTSVSWPG,VVAAVIHRR LGAVVAAVIHRRKSS,,YWDLQTRNV GPEYWDLQTRNVKAQ,YFDTAVSRP SMRYFDTAVSRPGRG,YNREEIVRF RSIYNREEIVRFDSD,YRAVTPQGR GVYRAVTPQGRPDAE,,TQIFKTNTQ YWDRNTQIFKTNTQT,LQSMYGCDV AGSHTLQSMYGCDVG,FYTSVSRPG FYTSVSRPGRGEPRF,,LKEDLRSWT IALKEDLRSWTAADM,RAYLEGLCV QDRAYLEGLCVESLR,GRFLRGYQQ GSDGRFLRGYQQDAY,RSHIIQRMY YNQSEARSHIIQRMY,FVRFDSDAT DTLFVRFDSDATSPR,YGVVESFTV RHNYGVVESFTVQRR,YFYTAMSRP YFYTAMSRPGRGEPR,WVAVVVPSG GTFQKWVAVVVPSGQ,VKAQSQTDR TRNVKAQSQTDRVDL,AQADRVNLR KRQAQADRVNLRKLR,WRFLRGYHQ GSDWRFLRGYHQYAY,WRAYLEGLC AEQWRAYLEGLCVEW,LEAARVAEQ RKLEAARVAEQLRAY,IMGIVAGLA TIPIMGIVAGLAVLV,MRYFHTAMS SHSMRYFHTAMSRPG,FGAVITGAV LVLFGAVITGAVVAA,FDTAMSRPG SMRYFDTAMSRPGRG,,AVVAAVRWR GAVFAGAVVAAVRWR,LRKLRGYYN RVNLRKLRGYYNQSE,FLNGQEEKA VRWFLNGQEEKAGMV,NEDLSSWTA IALNEDLSSWTAADT,YVDDTLFVR RFITVGYVDDTLFVR,FTSVSRPGR FTSVSRPGRGEPRFI,YLEGLCVES RAYLEGLCVESLRRY,LSSQPTIPI TLRWELSSQPTIPIV,,YTQAASSDS GGSYTQAASSDSAQG,LQTRNVKAQ LQTRNVKAQSQTDRA,IGAVVATVM VVVIGAVVATVMCRR,VAAVMWRRK VAAVMWRRKSSDRKG,LQMMFGCDV GSHTLQMMFGCDVGS
WKPSSQPTI TLRWKPSSQPTIPIV,FGCDLGPDG QRMFGCDLGPDGRLL,IVSGPAVLA NLGIVSGPAVLAVLA,,IIAGLVLFG VGIIAGLVLFGAVFA,IVAGLAVLV PIMGIVAGLAVLVVL,IYNREEIVR SRSIYNREEIVRFDS,VYRAVTPQG VGVYRAVTPQGRPDA,,VIGAVVATV AVVVIGAVVATVMCR,FDTAMSRPG SMRYFDTAMSRPGRG,VIGAVVAAV AVVVIGAVVAAVMCR,,VGSDGRFLR CDVGSDGRFLRGYHQ,EVTLRCWAL DHEVTLRCWALGFYP,MAAQITQRK AADMAAQITQRKWEA,YYNQSEARS LRGYYNQSEARSHII,LGAVVTAMM LAVLGAVVTAMMCRR,FRAVTELGR VGEFRAVTELGRPDA,GLCVEWLRR LRAYLEGLCVEWLRR,TLRCWALSF SDHEATLRCWALSFY,VGSDGRFLR GCDVGSDGRFLRGYR,DRVNLRKLR AQADRVNLRKLRGYY,DWRFLRGYH VGSDWRFLRGYHQYA,LCVEWLRRY LEGLCVEWLRRYLEN,QRKLEAARV QISQRKLEAARVAEQ,LQRMSGCDL GSHTLQRMSGCDLGP,LLRGHNQYA GRLLRGHNQYAYDGK,LSFYPAEIT CWALSFYPAEITLTW,MRYFDTAMS HSMRYFDTAMSRPGR,,FQKWASVVV DGTFQKWASVVVPSG,LLRGYNQFA DGRLLRGYNQFAYDG,ILEQARAAV QKDILEQARAAVDTY,LQRADPPKT KETLQRADPPKTHVT,YFHTSVSRP SMRYFHTSVSRPGRG,WEAAHVAEQ KHKWEAAHVAEQLRA,YRENLRTAL TQTYRENLRTALRYY,LQSMYGCDV AGSHTLQSMYGCDVG,,YLEGRCVDG VYLEGRCVDGLRRYL,WASVVVPSG FQKWASVVVPSGQEQ,IFKTNTQTY TQIFKTNTQTYRESL,HRVDLGTLR QTHRVDLGTLRGYYN,FLRGYHQYA DGRFLRGYHQYAYDG
SMRYFSTSV GSHSMRYFSTSVSWP,FSTSVSWPG MRYFSTSVSWPGRGE,LGIVSGPAV PTIPNLGIVSGPAVL,,FGAVFAGAV LVLFGAVFAGAVVAA,MRYFDTAVS SHSMRYFDTAVSRPG,LGLIIHHRS IFLGLGLIIHHRSQK,IIRQRSRKG LGLIIRQRSRKGLLH,,TVMCRRKSS TVMCRRKSSGGKGGS,MRYFDTAMS HSMRYFDTAMSRPGR,LQSMYGCDV AGSHTLQSMYGCDVG,,AVMWRRNSS VAAVMWRRNSSDRKG,YLEGLCVES DRAYLEGLCVESLRR,LAVLGAVMA LAVLAVLGAVMAVVM,SHIIQRMYG QSEARSHIIQRMYGC,LQRAEPPKT KKTLQRAEPPKTHVT,FLEYSTSEC RPRFLEYSTSECHFF,IALRYYNQS RIALRYYNQSEAGSH,FLRGYHQYA GPDGRFLRGYHQYAY,FDSDATSPR VRFDSDATSPRKEPR,YFYNQEEYV LDRYFYNQEEYVRFD,ITQLKWEAA TAAQITQLKWEAARV,YRESLRNLR TQTYRESLRNLRGYY,TVGYVDDTL RFITVGYVDDTLFVR,IVAGLAVLV PIMGIVAGLAVLVVL,YRESLRNLR TQTYRESLRNLRGYY,DWRFLRGYH GCDVGSDWRFLRGYH,MRYFDTAMS SHSMRYFDTAMSRPG,,VFAGAVVAA FGAVFAGAVVAAVRW,MRYFSTSVS HSMRYFSTSVSWPGR,VQRRVQPKV SFTVQRRVQPKVTVY,LSSWTAADT NEDLSSWTAADTAAQ,PRFITVGYV PRFITVGYVDDTLFV,LRGYHQYAY LRGYHQYAYDGKDYI,FVRFDSDAT TLFVRFDSDATSPRK,IYKAQAQTD NTQIYKAQAQTDRES,,IQIMYGCDV SHTIQIMYGCDVGPD,FTTSVSRPG SMRYFTTSVSRPGRG,RKWEAARVA ITQRKWEAARVAEQL,DWRFLRGYH VGSDWRFLRGYHQYA,YIALKEDLR GKDYIALKEDLRSWT
VLAVLGAMV VLAVLAVLGAMVAVV,LLRGYNQFA DGRLLRGYNQFAYDG,LRKLRGYYN VNLRKLRGYYNQSEA,,YFTTSVSRP SMRYFTTSVSRPGRG,LQRAEPPKT KETLQRAEPPKTHVT,ILERKRAAV QKDILERKRAAVDRV,FKGLCYFTN VYQFKGLCYFTNGTE,,FKTNTQTYR TQIFKTNTQTYRESL,LGAVVTAMM LAVLGAVVTAMMCRR,WEPSSQSTV TLRWEPSSQSTVPIV,,KRKWEAAHV TKRKWEAAHVAEQQR,FYTAMSRPG MRYFYTAMSRPGRGE,AVMAVVMCR VLAVLGAVMAVVMCR,YYNQSEARS LRGYYNQSEARSHII,MRYFDTAVS HSMRYFDTAVSRPGR,YFHNQEENV LDRYFHNQEENVRFD,LRIALRYYN YRENLRIALRYYNQS,FYTSMSRPG YFYTSMSRPGRGEPR,GLCVESLRR YLEGLCVESLRRYLE,FYNQEEYVR DRYFYNQEEYVRFDS,LKWEAARVA ITQLKWEAARVAEQL,YLKNGKETL LRRYLKNGKETLQRA,MRYFHTAMS SHSMRYFHTAMSRPG,LEAARAAEQ QRKLEAARAAEQLRA,LQSMYGCDV AGSHTLQSMYGCDVG,WRFLRGYHQ GSDWRFLRGYHQYAY,LERADPPKT KDTLERADPPKTHVT,,FLRGYRQDA SDGRFLRGYRQDAYD,YFSTSVSWP SMRYFSTSVSWPGRG,VRFLDRYFY TERVRFLDRYFYNQE,LRTALRYYN RENLRTALRYYNQSE,LRTLLRYYN REDLRTLLRYYNQSE,VKAHSQTHR TRKVKAHSQTHRVDL,YRENLRTAL QTYRENLRTALRYYN,LQSMYGCDV AGSHTLQSMYGCDVG,,MRYFFTSVS HSMRYFFTSVSRPGR,WRRKSSDRK VRWRRKSSDRKGGSY,VVATVMCRR VIGAVVATVMCRRKS,YFYTSVSRP SMRYFYTSVSRPGRG,YFSTSVSRP SMRYFSTSVSRPGRG
FSTSVSWPG HSMRYFSTSVSWPGR,MVAVVMCRR VLGAMVAVVMCRRKS,VLGAVVAAV VLAVLGAVVAAVIHR,,FTTSVSRPG MRYFTTSVSRPGRGE,QRKLEAARA QITQRKLEAARAAEQ,IIHHRSQKG LGLIIHHRSQKGLLH,CRHNYEVAY RVCRHNYEVAYRGIL,,VATVMCRRK VATVMCRRKSSGGKG,VVTAMMCRR LGAVVTAMMCRRKSS,YFYTSVSRP SMRYFYTSVSRPGRG,,FLRGYHQYA GSDGRFLRGYHQYAY,YRENLRTAL TQTYRENLRTALRYY,LRGHDQLAY GRLLRGHDQLAYDGK,KDLLERRRA WNSQKDLLERRRAEV,IMGIVAGLA TIPIMGIVAGLAVLV,SFTVQRRVH VVESFTVQRRVHPKV,CVEWLRRHL AYLEGLCVEWLRRHL,RCWALSFYP ATLRCWALSFYPAEI,YLEGLCVES RAYLEGLCVESLRRY,FLEDRRAAV QKDFLEDRRAAVDTY,LLRGHNQLA DGRLLRGHNQLAYDG,ARSHIIQRM QSEARSHIIQRMYGC,VGYVDDTLF FITVGYVDDTLFVRF,MRYFDTAVS SHSMRYFDTAVSRPG,LGIVSGPAV IPNLGIVSGPAVLAV,CWALSFYPA ATLRCWALSFYPAEI,SHTLQSMYG EAGSHTLQSMYGCDV,,FGAVFAGAV LVLFGAVFAGAVVAA,MVAVVMCRR LGAMVAVVMCRRKSS,YNQEESVRF DRYFYNQEESVRFDS,GLCVESLRR LEGLCVESLRRYLEN,GRLLRGYHQ GPDGRLLRGYHQDAY,WRFLRGYHQ GSDWRFLRGYHQYAY,FDSDATSPR LFVRFDSDATSPRKE,IYKAQAQTD NTQIYKAQAQTDRES,,LRWELSSQP PLTLRWELSSQPTIP,AVVAAVRWR GAVFAGAVVAAVRWR,RAYLEGLCV LRAYLEGLCVEWLRR,AVMWRRKSS AAVMWRRKSSDRKGG,MRYFSTSVS SHSMRYFSTSVSRPG
LQRMFGCDL DGSHTLQRMFGCDLG,MRYFSTSVS SHSMRYFSTSVSWPG,IVSGPAVLA NLGIVSGPAVLAVLA,,FAGAVVAAV FGAVFAGAVVAAVRW,ARAAEQLRA LEAARAAEQLRAYLE,YQLELRTTL RHNYQLELRTTLQRR,LCYFTNGTE YQFKGLCYFTNGTER,,ATVMCRRKS ATVMCRRKSSGGKGG,IMGIVAGLA TIPIMGIVAGLAVLV,MRYFYTSVS HSMRYFYTSVSRPGR,,YFSTSVSRP SMRYFSTSVSRPGRG,LEGLCVESL RAYLEGLCVESLRRY,VMAVVMCRR LGAVMAVVMCRRKSS,YRAVTELGR VGEYRAVTELGRPAA,QRKLEAARA QITQRKLEAARAAEQ,FRAVTELGR VGEFRAVTELGRPDA,VVAVVMCRR LGAVVAVVMCRRKSS,VAEQWRAYL AAHVAEQWRAYLEGT,YRENLRTAL TQTYRENLRTALRYY,YVTRYIYNR RVRYVTRYIYNREEY,ITQLKWEAA TAAQITQLKWEAARV,VVAVVMCRR LGAVVAVVMCRRKSS,YFHTAMSRP SMRYFHTAMSRPGRG,ILEQARAAV QKDILEQARAAVDTY,IQRMYGCDL AGSHTIQRMYGCDLG,YYNQSEAGS ALRYYNQSEAGSHII,FDTAMSRPG SMRYFDTAMSRPGRG,,WDLQTRNVK PEYWDLQTRNVKAQS,FAYDGKDYI YNQFAYDGKDYIALN,ILEQARAAV QKDILEQARAAVDTY,MRYFYTAMS GSHSMRYFYTAMSRP,LLRYYNQSE RTLLRYYNQSEAGSH,HKWEAAHVA TKHKWEAAHVAEQLR,YVDDTLFVR ITVGYVDDTLFVRFD,YKRQAQADR TQKYKRQAQADRVSL,,LSSQPTIPI RWELSSQPTIPIVGI,YFTTSVSRP YFTTSVSRPGRGEPR,WEPSSQSTI TLRWEPSSQSTIPIV,FYTSVSRPG MRYFYTSVSRPGRGE,LLRGHNQFA DGRLLRGHNQFAYDG
MVAVVMCRR LGAMVAVVMCRRKSS,FSTSVSWPG SMRYFSTSVSWPGRG,VVAAVIHRR LGAVVAAVIHRRKSS,,ARVAEQLRA WEAARVAEQLRAYLE,PRFISVGYV RGEPRFISVGYVDDT,VRLVSRSIY GTERVRLVSRSIYNR,FDSDVGVYR EYVRFDSDVGVYRAV,,MRYFSTSVS SHSMRYFSTSVSWPG,LQRAEPPKT KETLQRAEPPKTHVT,VIGAVVAAV AVVVIGAVVAAVMCR,,GTCVDGLRR RAYLEGTCVDGLRRY,YTAMSRPGR YTAMSRPGRGEPRFI,VLAVLGAVM VLAVLAVLGAVMAVV,VRFLDRYFH TERVRFLDRYFHNQE,YFDTAVSRP SMRYFDTAVSRPGRG,VQRRVHPKV SFTVQRRVHPKVTVY,AQTDRVSLR KRQAQTDRVSLRNLR,MRYFYTSMS HSMRYFYTSMSRPGR,FVRFDSDAT TLFVRFDSDATSPRK,VMLEMTPQH QILVMLEMTPQHGDV,LKWEAARVA ITQLKWEAARVAEQL,LCVEWLRRY LEGLCVEWLRRYLKN,AAQISQRKL ADTAAQISQRKLEAA,VQRRVQPKV SFTVQRRVQPKVTVY,YFYTAVSRP SMRYFYTAVSRPGRG,LCVESLRRY RAYLEGLCVESLRRY,YLENGKDTL LRRYLENGKDTLERA,,MAAQITQRK MAAQITQRKWEAARV,AQADRVNLR KRQAQADRVNLRKLR,FNGTERVRF CHFFNGTERVRFLDR,IALNEDLSS KDYIALNEDLSSWTA,YYNQSEAGS LLRYYNQSEAGSHTL,LKEDLRSWT IALKEDLRSWTAADM,VRFDSDATS TLFVRFDSDATSPRK,LQRMSGCDL GSHTLQRMSGCDLGP,,IQIMYGCDV GSHTIQIMYGCDVGP,AVRWRRKSS VAAVRWRRKSSDRKG,LCVEWLRRY LEGLCVEWLRRYLEN,MRYFYTSVS HSMRYFYTSVSRPGR,WQTMYGCDV SHTWQTMYGCDVGPD
AQADRVNLR KRQAQADRVNLRKLR,LLRGYNQFA DGRLLRGYNQFAYDG,VRFLERYFH GTERVRFLERYFHNQ,,IQMMYGCDV SHTIQMMYGCDVGSD,FDTAVSRPG HSMRYFDTAVSRPGR,AQIKVRWFR FYPAQIKVRWFRNDQ,YRGILQRRV EVAYRGILQRRVEPT,,MVAVVMCRR LGAMVAVVMCRRKSS,RKLEAARAA ITQRKLEAARAAEQL,VVAAVMCRR IGAVVAAVMCRRKSS,,YRESLRNLR TQTYRESLRNLRGYY,IQRMYGCDV SHIIQRMYGCDVGPD,ESFTVQRRV HNYGVGESFTVQRRV,FTVQRRVHP VESFTVQRRVHPKVT,FQRMYGCDL GSHTFQRMYGCDLGP,VVSTGLIHN KTGVVSTGLIHNGDW,LRGYDQYAY GRLLRGYDQYAYDGK,RYFYTSMSR RYFYTSMSRPGRGEP,GLCVESLRR DRAYLEGLCVESLRR,FKAMCYFTN DFVYQFKAMCYFTNG,LRGHNQLAY GRLLRGHNQLAYDGK,LRRYLKNGK VEWLRRYLKNGKETL,LQRMYGCDV SHTLQRMYGCDVGPD,ILEQARAAV QKDILEQARAAVDTY,FYTAVSRPG MRYFYTAVSRPGRGE,HEVTLRCWA HEVTLRCWALGFYPA,LQSMYGCDV AGSHTLQSMYGCDVG,,IQMMYGCDV GSHTIQMMYGCDVGS,DRVNLRKLR AQADRVNLRKLRGYY,VRFLDRYFY TERVRFLDRYFYNQE,YRENLRTAL QTYRENLRTALRYYN,LLRGYHQDA DGRLLRGYHQDAYDG,FLRGYHQYA RFLRGYHQYAYDGKD,LRTALRYYN YRENLRTALRYYNQS,LQRMSGCDL DGSHTLQRMSGCDLG,,TLRWELSSQ KPLTLRWELSSQPTI,FGAVFAGAV LVLFGAVFAGAVVAA,WEAARVAEQ QRKWEAARVAEQLRA,VDLGTLRGY THRVDLGTLRGYYNQ,VAEQLRTYL AARVAEQLRTYLEGT
DRVNLRKLR AQADRVNLRKLRGYY,SMRYFSTSV HSMRYFSTSVSWPGR,VRFLERYFH GTERVRFLERYFHNQ,,GLVLFGAVF IIAGLVLFGAVFAGA,LEAARAAEQ QRKLEAARAAEQLRA,IVRFDSDVG REEIVRFDSDVGEFR,FYPSQIKVR VTDFYPSQIKVRWFR,,YFSTSVSWP MRYFSTSVSWPGRGE,MGIVAGLAV IPIMGIVAGLAVLVV,LGAVVTAMM LAVLGAVVTAMMCRR,,LCVEWLRRY LEGLCVEWLRRYLEN,LRTALRYYN RENLRTALRYYNQSE,,VRFLDRYFH GTERVRFLDRYFHNQ,FDTAVSRPG MRYFDTAVSRPGRGE,FTVQRRVHP VESFTVQRRVHPKVT,FQKWAAVMV DGTFQKWAAVMVPSG,FGAVITGAV LVLFGAVITGAVVAA,IQRMYGCDV HIIQRMYGCDVGPDG,RVRYVTRYI GTERVRYVTRYIYNR,LLRGHNQLA DGRLLRGHNQLAYDG,IQRMYGCDV ARSHIIQRMYGCDVG,FHTAMSRPG MRYFHTAMSRPGRGE,VRWFLNGQE SIEVRWFLNGQEEKA,IVSGPAVLA NLGIVSGPAVLAVLA,SHIIQRMYG AGSHIIQRMYGCDVG,LLRGHNQYA DGRLLRGHNQYAYDG,,AVRWRRKSS AAVRWRRKSSDRKGG,FNGTERVRL CHFFNGTERVRLLER,FYPGQIKVR VTDFYPGQIKVRWFR,LRTALRYYN YRENLRTALRYYNQS,YFHTSVSRP HSMRYFHTSVSRPGR,FGAVITGAV VLFGAVITGAVVAAV,LCVESLRRY LEGLCVESLRRYLEN,FLDRYFYNQ RVRFLDRYFYNQEES,,YFFTSVSRP SMRYFFTSVSRPGRG,FQKWASVVV GTFQKWASVVVPSGQ,LRAYLEGLC AEQLRAYLEGLCVEW,VAEQWRAYL AAHVAEQWRAYLEGT,AEQLRTYLE ARVAEQLRTYLEGTC
FNGTERVRL CHFFNGTERVRLLER,LEYSTGECY PRFLEYSTGECYFFN,FYPAQIKVR VTDFYPAQIKVRWFR,,MAAQITQRK AADMAAQITQRKWEA,LLRGYDQSA DGRLLRGYDQSAYDG,RVRLVSRSI FTNGTERVRLVSRSI,YRGILQRRV YEVAYRGILQRRVEP,,LQRMFGCDL GSHTLQRMFGCDLGP,IVAGLAVLV PIMGIVAGLAVLVVL,IMGIVAGLA TIPIMGIVAGLAVLV,,RAYLEGLCV QWRAYLEGLCVEWLR,YNQSEAGSH YNQSEAGSHIIQRMY,,VYQFKGLCY VYQFKGLCYFTNGTE,MRYFDTAVS SHSMRYFDTAVSRPG,YGVVESFTV RHNYGVVESFTVQRR,AVVMCRRKS VAVVMCRRKSSGGKG,IQRMYGCDV AGSHTIQRMYGCDVG,LCVESLRRY RAYLEGLCVESLRRY,FVYQFKAMC EDFVYQFKAMCYFTN,YKRQAQADR TQKYKRQAQADRVNL,LRGYDQYAY GRLLRGYDQYAYDGK,LLRGHNQYA DGRLLRGHNQYAYDG,YNQEESVRF DRYFYNQEESVRFDS,VVAAVIHRR LGAVVAAVIHRRKSS,CVESLRRYL LEGLCVESLRRYLEN,YSQAACSDS GGSYSQAACSDSAQG,,MRYFTTSVS SHSMRYFTTSVSRPG,LVMLETVPQ FQTLVMLETVPQSGE,NYEVAFRGI TVCRHNYEVAFRGIL,RYFYTAMSR HSMRYFYTAMSRPGR,LRTLLRYYN REDLRTLLRYYNQSE,KAHSQTHRV RKVKAHSQTHRVDLG,LRKLRGYYN RVNLRKLRGYYNQSE,YNQEESVRF DRYFYNQEESVRFDS,,FFTSVSRPG MRYFFTSVSRPGRGE,MRYFTTSVS HSMRYFTTSVSRPGR,IFKTNTQTY TQIFKTNTQTYRESL,FGAVITGAV LVLFGAVITGAVVAA,YFYTSVSRP HSMRYFYTSVSRPGR
PRFLWQLKF TRPRFLWQLKFECHF,AVTELGRPV EFRAVTELGRPVAES,LIIHHRSQK GLGLIIHHRSQKGLL,,MRYFTTSVS SHSMRYFTTSVSRPG,LAVLVVLAV VAGLAVLVVLAVLGA,LRTTLQRRV NYQLELRTTLQRRVE,VAYRGILQR NYEVAYRGILQRRVE,,VLAVLGAMV VLAVLAVLGAMVAVV,LEAARAAEQ QRKLEAARAAEQLRA,RKLEAARAA ITQRKLEAARAAEQL,,PRMAPRAPW AASPRMAPRAPWIEQ,GLCVESLRR LEGLCVESLRRYLEN,,SQIKVRWFR FYPSQIKVRWFRNDQ,YFYNQEEYV LDRYFYNQEEYVRFD,YCRHNYGVV VDNYCRHNYGVVESF,LLRGYDQYA DGRLLRGYDQYAYDG,LSFYPAEIT LRCWALSFYPAEITL,YRENLRTAL TQTYRENLRTALRYY,FDSDVEVYR YARFDSDVEVYRAVT,LRKLRGYYN DRVNLRKLRGYYNQS,LLRGYDQYA DGRLLRGYDQYAYDG,VGYVDDTLF FITVGYVDDTLFVRF,HFFNGTERV RECHFFNGTERVRFL,LGAVVAAVI VLAVLGAVVAAVIHR,FVRFDSDAT DTLFVRFDSDATSPR,LQRMYGCDL SHTLQRMYGCDLGPD,,VAAVRWRRK VAAVRWRRKSSDRKG,FFNGTERVR ECHFFNGTERVRLLE,VMLEMTPQH QILVMLEMTPQHGDV,LCVESLRRY LEGLCVESLRRYLEN,MRYFHTSVS SHSMRYFHTSVSRPG,VGSDWRFLR YGCDVGSDWRFLRGY,LRSWTAADK EDLRSWTAADKAAQI,YFYNQEESV FLDRYFYNQEESVRF,,RFISVGYVD EPRFISVGYVDDTQF,WDLQTRNVK PEYWDLQTRNVKAQS,LCVEWLRRY AYLEGLCVEWLRRYL,LGTLRGYYN RVDLGTLRGYYNQSE,FYTSVSRPG SMRYFYTSVSRPGRG
YNQEESVRF ERCIYNQEESVRFDS,LLRFDSDVG QEELLRFDSDVGEFR,VFQFKGMCY EDFVFQFKGMCYFTN,,GRFLRGYRQ GSDGRFLRGYRQDAY,IMGIVAGLA TIPIMGIVAGLAVLV,LVCSVTDFY NLLVCSVTDFYPAQI,VRGVTRHIY TERVRGVTRHIYNRE,,MVAVVMCRR LGAMVAVVMCRRKSS,ARAAEQLRA KLEAARAAEQLRAYL,YFDTAVSRP SMRYFDTAVSRPGRG,,TQTYRESLR SKTNTQTYRESLRNL,MRYFYTAMS GSHSMRYFYTAMSRP,,YEVAYRGIL RHNYEVAYRGILQRR,FYNQEEYVR DRYFYNQEEYVRFDS,FDSDVGEFR NVRFDSDVGEFRAVT,KYFFTSVSR HSMKYFFTSVSRPGR,YIALKEDLR GKDYIALKEDLRSWT,LRYYNQSEA RTALRYYNQSEAGSH,VMLEMTPQH QILVMLEMTPQHGDV,YFDTAVSRP SMRYFDTAVSRPGRG,VVAVVMCRR LGAVVAVVMCRRKSS,LLRGHNQYA GRLLRGHNQYAYDGK,YFYNQEESV LDRYFYNQEESVRFD,FLEYSTSEC RPRFLEYSTSECHFF,CVESLRRYL GLCVESLRRYLENGK,YKCHFFNGT QGKYKCHFFNGTERV,,FDTAMSRPG RYFDTAMSRPGRGEP,FNGTERVRL CHFFNGTERVRLLER,FKAMCYFTN LQFKAMCYFTNGTER,YTAMSRPGR SMRYFYTAMSRPGRG,VVAVVMCRR LGAVVAVVMCRRKSS,VRFLDRYFH TERVRFLDRYFHNQE,LLRGYNQFA DGRLLRGYNQFAYDG,FRAVTELGR VGEFRAVTELGRPDA,,VVAAVMCRR IGAVVAAVMCRRKSS,FAGAVVAAV FGAVFAGAVVAAVRW,VVATVMCRR IGAVVATVMCRRKSS,LLRGHNQYA GRLLRGHNQYAYDGK,MRYFYTSVS SHSMRYFYTSVSRPG
RVRLLERCI GTERVRLLERCIYNQ,YFFNGTERV GECYFFNGTERVRLL,YRAVTPLGR VGVYRAVTPLGRLDA,,DRANLGTLR SQTDRANLGTLRGYY,IVAGLAVLV IMGIVAGLAVLVVLA,LVSRSIYNR LVSRSIYNREEIVRF,LGLIIRQRS LIFLGLGLIIRQRSR,,YKRQAQADR TQKYKRQAQADRVNL,LQRMYGCDL DGSHTLQRMYGCDLG,IVAGLAVLV PIMGIVAGLAVLVVL,,YRESLRNLR TYRESLRNLRGYYNQ,YRENLRTAL QTYRENLRTALRYYN,,FKGLCYFTN YQFKGLCYFTNGTER,FLEDRRAAV QKDFLEDRRAAVDTY,PRFLEYSTS DTRPRFLEYSTSECH,VVAVVMCRR LGAVVAVVMCRRKSS,FYTAVSRPG MRYFYTAVSRPGRGE,HEVTLRCWA SDHEVTLRCWALGFY,VRYVTRYIY GTERVRYVTRYIYNR,VMAVVMCRR LGAVMAVVMCRRKSS,LCVEWLRRY RAYLEGLCVEWLRRY,RKLEAARVA ISQRKLEAARVAEQL,VFQFKGMCY EDFVFQFKGMCYFTN,KTGVVSTGL QEEKTGVVSTGLIHN,FYTAVSRPG SMRYFYTAVSRPGRG,YTCQVEHPS GEVYTCQVEHPSVMS,,LLRGHNQYA DGRLLRGHNQYAYDG,LVMLETVPQ FQTLVMLETVPQSGE,YVTRYIYNR RYVTRYIYNREEDVR,AVMAVVMCR VLGAVMAVVMCRRKS,ALGFYPTEI LRCWALGFYPTEITL,FRAVTELGR VGEFRAVTELGRPDA,WTAADKAAQ LRSWTAADKAAQITQ,YGVVESFTV RHNYGVVESFTVQRR,,TVPIVGIVA SSQSTVPIVGIVAGL,IQMMYGCDV GSHTIQMMYGCDVGS,TYRESLRNL FKTNTQTYRESLRNL,YFHTAMSRP HSMRYFHTAMSRPGR,RTYLEGTCV EQLRTYLEGTCVEWL
FLWQLKFEC RPRFLWQLKFECHFF,VRLLERHFH TERVRLLERHFHNQE,YIYNREEYA GVTRYIYNREEYARF,,GLCVESLRR YLEGLCVESLRRYLE,FDTAVSRPG MRYFDTAVSRPGRGE,CRHNYQLEL RVCRHNYQLELRTTL,VRFDSDVGV EEYVRFDSDVGVYRA,,LQRMFGCDL GSHTLQRMFGCDLGP,IMGIVAGLA TIPIMGIVAGLAVLV,MRYFDTAVS SHSMRYFDTAVSRPG,,LCVEWLRRY YLEGLCVEWLRRYLE,LRTALRYYN YRENLRTALRYYNQS,,YVRFDSDVG REEYVRFDSDVGVYR,FDSDVGEFR YVRFDSDVGEFRAVT,EFRAVTLLG VGEFRAVTLLGLPAA,MKYFFTSVS SHSMKYFFTSVSRPG,YSQAASSDS GGSYSQAASSDSAQG,VAEQDRAYL AARVAEQDRAYLEGL,,RFISVGYVD EPRFISVGYVDDTQF,SHIIQRMYG QSEARSHIIQRMYGC,YFHTAMSRP HSMRYFHTAMSRPGR,,FNGTERVRF FFNGTERVRFLDRYF,YTAVSRPGR YTAVSRPGRGEPRFI,VQFLERLFY GTERVQFLERLFYNQ,,IFKTNTQTD NTQIFKTNTQTDRES,VRLLERRVH TERVRLLERRVHNQE,LGLIIRQRS FLGLGLIIRQRSQKG,LRSWTAADK DLRSWTAADKAAQIT,FYPTEITLT ALGFYPTEITLTWQR,VRFLDRYFH GTERVRFLDRYFHNQ,FVQFDSDAA TQFVQFDSDAASPRG,VRWFLNGQE SIEVRWFLNGQEEKA,,PRFISVGYV RGEPRFISVGYVDDT,MAAQITQRK AADMAAQITQRKWEA,ATVMCRRKS VATVMCRRKSSGGKG,MRYFHTAMS SHSMRYFHTAMSRPG,TYLEGTCVE TYLEGTCVEWLRRYL
WQLKFECHF PRFLWQLKFECHFFN,FHNQEELLR ERHFHNQEELLRFDS,IIHHRSQKG LGLIIHHRSQKGLLH,,YRENLRTAL TQTYRENLRTALRYY,QRYTCHMQH QEQRYTCHMQHEGLQ,FRAVTLLGL VGEFRAVTLLGLPAA,LIIRQRSRK LGLIIRQRSRKGLLH,,YFSTSVSWP RYFSTSVSWPGRGEP,VTAMMCRRK LGAVVTAMMCRRKSS,LQRAEPPKT KETLQRAEPPKTHVT,,AQTDRVSLR KRQAQTDRVSLRNLR,RYFYTAMSR HSMRYFYTAMSRPGR,,IIRQRSRKG LGLIIRQRSRKGLLH,YVTRYIYNR RVRYVTRYIYNREEY,IVRFDSDVG REEIVRFDSDVGEFR,VRFDSDVGE EESVRFDSDVGEYRA,LLRGYNQFA DGRLLRGYNQFAYDG,TQTYRENLR SKTNTQTYRENLRTA,,MRYFDTAVS SHSMRYFDTAVSRPG,LRRYLKNGK VEWLRRYLKNGKETL,YVDDTLFVR RFITVGYVDDTLFVR,,VQRRVHPKV SFTVQRRVHPKVTVY,KAAQITQRK KAAQITQRKWEAARE,RFLWQGKYK TQPRFLWQGKYKCHF,,MRYFDTAMS SHSMRYFDTAMSRPG,VMLETVPQS QTLVMLETVPQSGEV,CRHNYEVAF DTVCRHNYEVAFRGI,VMAVVMCRR LGAVMAVVMCRRKSS,FYTAVSRPS MRYFYTAVSRPSRGE,FRAVTELGR VGEFRAVTELGRPDA,AQTDRVNLR KRQAQTDRVNLRKLR,FLNGQEEKA EVRWFLNGQEEKAGM,,YSQAACSDS GGSYSQAACSDSAQG,YTAMSRPGR RYFYTAMSRPGRGEP,SHIIQRMYG AGSHIIQRMYGCDLG,WQRMYGCDV AGSHTWQRMYGCDVG,LLRGHNQFA DGRLLRGHNQFAYDG
LKFECHFFN FLWQLKFECHFFNGT,PRFLEYSTG DTRPRFLEYSTGECY,YQLELRTTL RHNYQLELRTTLQRR,,RAYLEGLCV EQLRAYLEGLCVESL,AMMCRRKSS TAMMCRRKSSGGKGG,FYPAQIKVR VTDFYPAQIKVRWFR,FDSDVGVYR YVRFDSDVGVYRAVT,,TLRWKPSSQ LTLRWKPSSQPTIPI,FLEYSTSEC RPRFLEYSTSECHFF,QRKLEAARA QITQRKLEAARAAEQ,,YLKNGKETL LRRYLKNGKETLQRA,LCVESLRRY LEGLCVESLRRYLEN,,LIIRQRSRK GLGLIIRQRSRKGLL,VMLEMTPQH QILVMLEMTPQHGDV,RVRLVSRSI GTERVRLVSRSIYNR,FNGTERVRL CHFFNGTERVRLLER,YFYTAVSRP SMRYFYTAVSRPGRG,LRTALRYYN YRENLRTALRYYNQS,,PRFISVGYV RGEPRFISVGYVDDT,IQRMYGCDV ARSHIIQRMYGCDVG,LEAARVAEQ QRKLEAARVAEQLRA,,YFYNQEEYV FLDRYFYNQEEYVRF,MRYFYTAVS CSHSMRYFYTAVSRP,FLERLFYNQ VQFLERLFYNQEEFV,,FKTNTQTDR TQIFKTNTQTDRESL,YDSDVGEYR YARYDSDVGEYRAVT,VLQFKAMCY EDFVLQFKAMCYFTN,NEDLRSWTA IALNEDLRSWTAADK,YFYTAVSRP SMRYFYTAVSRPSRG,YFHNQEENV FLDRYFHNQEENVRF,YVDDTQFVQ AVGYVDDTQFVQFDS,YCRHNYGVV DTYCRHNYGVVESFT,,MRYFDTAMS SHSMRYFDTAMSRPG,VVAAVMCRR IGAVVAAVMCRRKSS,GLCVEWLRR LRAYLEGLCVEWLRR,LLRGHNQYA GRLLRGHNQYAYDGK,YFYTSVSRP SMRYFYTSVSRPGRG
FNGTERVRL CHFFNGTERVRLLER,YCRHNYGAV VDTYCRHNYGAVESF,VRGVTRYIY TERVRGVTRYIYNRE,,LEGLCVESL RAYLEGLCVESLRRY,TQRKLEAAR AQITQRKLEAARAAE,RVRLVSRSI GTERVRLVSRSIYNR,,,PLTLRWKPS LPEPLTLRWKPSSQP,KTGVVSTGL QEEKTGVVSTGLIHN,ARAAEQLRA LEAARAAEQLRAYLE,,VVAVVMCRR LGAVVAVVMCRRKSS,YTAMSRPGR SMRYFYTAMSRPGRG,,VRGVTRHIY TERVRGVTRHIYNRE,FKAMCYFTN DFVYQFKAMCYFTNG,RLVSRSIYN ERVRLVSRSIYNREE,VRLLERCIY TERVRLLERCIYNQE,CVEWLRRHL LEGTCVEWLRRHLEN,VTLRCWALG HEVTLRCWALGFYPA,,AQADRVNLR KRQAQADRVNLRKLR,YYNQSEARS LRGYYNQSEARSHII,LQRMYGCDV AGSHTLQRMYGCDVG,,VYPSKTQPL KVTVYPSKTQPLQHH,YLENGKKTL LRRYLENGKKTLQRA,FFNGTERVQ KCHFFNGTERVQFLE,,MRYFDTAMS SHSMRYFDTAMSRPG,VYRAVTPQG DVGVYRAVTPQGRPV,YEVAFRGIL RHNYEVAFRGILQRR,LTLRWGPSS PEPLTLRWGPSSQPT,LGFYPTEIT LRCWALGFYPTEITL,ILEDERAAV QKDILEDERAAVDTY,FAYDGKDYI YNQFAYDGKDYIALN,VESFTVQRR GVVESFTVQRRVQPK,,LERADPPKT KDTLERADPPKTHVT,GLCVEWLRR RAYLEGLCVEWLRRY,MVAVVMCRR LGAMVAVVMCRRKSS,MRYFHTAMS HSMRYFHTAMSRPGR,MRYFYTSVS HSMRYFYTSVSRPGR
VRLLERCIY TERVRLLERCIYNQE,HFHNQEELL LERHFHNQEELLRFD,LGLIIHHRS LGLGLIIHHRSQKGL,,IQRMYGCDV SHIIQRMYGCDVGPD,KTHVTHHPL EPPKTHVTHHPLSDH,VTLLGLPAA RAVTLLGLPAAEYWN,,,VLAVLGAMV VLAVLAVLGAMVAVV,FFNGTERVR FFNGTERVRYLDRYF,FDTAVSRPG HSMRYFDTAVSRPGR,,LCVEWLRRY LEGLCVEWLRRYLKN,IMGIVAGLA TIPIMGIVAGLAVLV,,FVYQFKGLC PEDFVYQFKGLCYFT,RVRYVTRYI GTERVRYVTRYIYNR,FDSDVGEFR IVRFDSDVGEFRAVT,FDSDVGEYR SVRFDSDVGEYRAVT,LLRGYNQFA DGRLLRGYNQFAYDG,CVESLRRYL GLCVESLRRYLENGK,,NLRKLRGYY DRVNLRKLRGYYNQS,LVCSVNGFY HNLLVCSVNGFYPGS,QRKLEAARV QISQRKLEAARVAEQ,,YSTSECHFF FLEYSTSECHFFNGT,LRSWTAADK LRSWTAADKAAQITQ,RVQFLERLF FFNGTERVQFLERLF,,VAEQDRAYL AARVAEQDRAYLEGT,IIRQRSRKG LGLIIRQRSRKGLLH,FRGILQRRV NYEVAFRGILQRRVE,YLENGKKTL LRRYLENGKKTLQRA,VVAVVMCRR LGAVVAVVMCRRKSS,FDSDVGEFR NVRFDSDVGEFRAVT,VVMCRRKSS VMAVVMCRRKSSGGK,YNQEESVRF DRYFYNQEESVRFDS,,VIGAVVAAV AVVVIGAVVAAVMCR,AAVMCRRKS AVVAAVMCRRKSSGG,MRYFSTSVS SHSMRYFSTSVSWPG,YFHTAMSRP SMRYFHTAMSRPGRG,IMGIVAGLA TIPIMGIVAGLAVLV
YNQEESVRF RCIYNQEESVRFDSD,YGAVESFTV RHNYGAVESFTVQRR,FYPAQIKVR VTDFYPAQIKVRWFR,,YLEGLCVES LRAYLEGLCVESLRR,PRFISVGYV RGEPRFISVGYVDDT,LVSRSIYNR VRLVSRSIYNREEIV,,,SMRYFSTSV SHSMRYFSTSVSWPG,VESFTVQRR GVVESFTVQRRVHPK,LEAARAAEQ QRKLEAARAAEQLRA,,LRRYLKNGK VEWLRRYLKNGKETL,LVVLAVLGA AGLAVLVVLAVLGAV,,RVRGVTRHI FTNGTERVRGVTRHI,FVYQFKAMC EDFVYQFKAMCYFTN,LLGLPAAEY RAVTLLGLPAAEYWN,IYNQEESVR ERCIYNQEESVRFDS,LQWMYGCDV AGSHTLQWMYGCDVG,QRKWEAARV TQRKWEAARVAEQDR,,VMAVVMCRR LGAVMAVVMCRRKSS,LLEQKRAAV QKDLLEQKRAAVDTY,AAQISQRKL TAAQISQRKLEAARV,,VRFLDRYFY TERVRFLDRYFYNQE,YKRQAQTDR TQKYKRQAQTDRVNL,HFFNGTERV YKCHFFNGTERVQFL,,FDTAMSRPG RYFDTAMSRPGRGEP,YRAVTPQGR VGVYRAVTPQGRPVA,RVRYVTRYI GTERVRYVTRYIYNR,FVQFDSDAA DTQFVQFDSDAASPR,FYPTEITLT ALGFYPTEITLTWQR,RVRLVTRHI GTERVRLVTRHIYNR,VMAVVMCRR LGAVMAVVMCRRKSS,YFYNQEESV FLDRYFYNQEESVRF,,GRLLRGHNQ VGPDGRLLRGHNQYA,YYNQSEAGS IALRYYNQSEAGSHI,WKPSSQPTI TLRWKPSSQPTIPIV,VAEQDRAYL AARVAEQDRAYLEGT,LVVLAVLGA AGLAVLVVLAVLGAV
IYNQEESVR ERCIYNQEESVRFDS,CRHNYGAVE TYCRHNYGAVESFTV,ILEEDRASV QKDILEEDRASVDTV,,FVRFDSDAT TLFVRFDSDATSPRK,VVLAVLGAV AVLVVLAVLGAVVTA,YQLELRTTL HNYQLELRTTLQRRV,,,LTLRWKPSS EPLTLRWKPSSQPTI,VRYLDRYFH GTERVRYLDRYFHNQ,VVTAMMCRR LGAVVTAMMCRRKSS,,LRGYDQYAY GRLLRGYDQYAYDGK,YYNQSEDGS LRGYYNQSEDGSHTF,,LCYFTNGTE QFKGLCYFTNGTERV,VMLEMTPQH QILVMLEMTPQHGDV,FRAVTLLGL VGEFRAVTLLGLPAA,CIYNQEESV LERCIYNQEESVRFD,FYTAVSRPG MRYFYTAVSRPGRGE,FVRFDSDAT DTLFVRFDSDATSPR,,DRVNLRKLR QAQADRVNLRKLRGY,VYPAKTQPL EVTVYPAKTQPLQHH,MRYFHTAMS SHSMRYFHTAMSRPG,,TGVVSTPLI EETTGVVSTPLIRNG,LLRGYNQFA GPDGRLLRGYNQFAY,FLWQGKYKC QPRFLWQGKYKCHFF,,LLRGHNQYA DGRLLRGHNQYAYDG,FDSDVGVYR YVRFDSDVGVYRAVT,LQRRVEPTV RGILQRRVEPTVTIS,WTAADKAAQ LRSWTAADKAAQITQ,FYTAVSRPS MRYFYTAVSRPSRGE,YRGILQRRV EVGYRGILQRRVEPT,VQFDSDAAS TQFVQFDSDAASPRG,FTVQRRVQP VESFTVQRRVQPKVT,,SHTLQSMYG EAGSHTLQSMYGCDV,FYTAMSRPG SMRYFYTAMSRPGRG,LLRGYNQFA GPDGRLLRGYNQFAY,FHTAMSRPG MRYFHTAMSRPGRGE,TIPIMGIVA PSSQPTIPIMGIVAG
CIYNQEESV LERCIYNQEESVRFD,LLRFDSDVG EELLRFDSDVGEFRA,TVCRHNYQL SVDTVCRHNYQLELR,,FYTAMSRPG SMRYFYTAMSRPGRG,AAEQLRAYL KLEAARAAEQLRAYL,LRTTLQRRV NYQLELRTTLQRRVE,,,SHTLQRMFG QSEDGSHTLQRMFGC,FRAVTELGR VGEFRAVTELGRPDA,IMGIVAGLA TIPIMGIVAGLAVLV,,LRRYLKNGK CVEWLRRYLKNGKET,TIPIMGIVA PSSQPTIPIMGIVAG,,FYPSQIKVR TDFYPSQIKVRWFRN,RVRYVTRYI GTERVRYVTRYIYNR,IVRFDSDVG REEIVRFDSDVGEFR,LLEQRRAAV QKDLLEQRRAAVDTY,LRSWTAADK EDLRSWTAADKAAQI,RVSLRNLRG QADRVSLRNLRGYYN,,MRYFDTAVS SHSMRYFDTAVSRPG,FDSDVGEYR YVRFDSDVGEYRAVT,TAADKAAQI RSWTAADKAAQITQR,,YIYNREEYA YVTRYIYNREEYARF,SHTLQRMYG EAGSHTLQRMYGCDL,FYNQEEFVR FLERLFYNQEEFVRF,,RLLRGHNQY GRLLRGHNQYAYDGK,FKGLCYFTN VYQFKGLCYFTNGTE,YRAVTPQGR VGVYRAVTPQGRPDA,TAADKAAQI RSWTAADKAAQITQR,YFYTAVSRP SMRYFYTAVSRPSRG,IIRQRSQKG LGLIIRQRSQKGLLH,DRVNLRKLR AQTDRVNLRKLRGYY,FRAVTELGR VGEFRAVTELGRPDA,,IGAVVAAVM VVVIGAVVAAVMCRR,YRENLRIAL AQTYRENLRIALRYY,SMRYFSTSV GSHSMRYFSTSVSWP,LGAVVTAMM LAVLGAVVTAMMCRR,IVAGLAVLV PIMGIVAGLAVLVVL
LLEQRRAAV QKDLLEQRRAAVDTY,ILEDRRAAV QKDILEDRRAAVDTY,YIYNREEYA GVTRYIYNREEYARF,,WEAARVAEQ QRKWEAARVAEQLRA,GRLLRGYDQ GPDGRLLRGYDQSAY,LGLIIHHRS IFLGLGLIIHHRSQK,,,MRYFSTSVS MRYFSTSVSWPGRGE,VQRRVHPKV SFTVQRRVHPKVTVY,IVAGLAVLV PIMGIVAGLAVLVVL,,IQRMYGCDV HIIQRMYGCDVGPDG,IVAGLAVLV PIMGIVAGLAVLVVL,,YRGILQRRV EVAYRGILQRRVEPT,,RVRLVSRSI GTERVRLVSRSIYNR,FNGTERVRL CHFFNGTERVRLLER,LLRGYNQFA DGRLLRGYNQFAYDG,LGAVVTAMM LAVLGAVVTAMMCRR,,VNLRKLRGY AQADRVNLRKLRGYY,VRFDSDVGE EYVRFDSDVGEYRAV,LRSWTAADK DLRSWTAADKAAQIT,,TVCRHNYQL LDTVCRHNYQLELRT,YLENGKKTL LRRYLENGKKTLQRA,YKCHFFNGT QGKYKCHFFNGTERV,,QIFKTNTQT RNTQIFKTNTQTDRE,LCYFTNGTE FKGLCYFTNGTERVR,YIYNREEDV YVTRYIYNREEDVRF,LRKLRGYYN RVNLRKLRGYYNQSE,MRYFYTAVS HSMRYFYTAVSRPSR,LGLGLIIRQ LIFLGLGLIIRQRSQ,GYVDDTQFV IAVGYVDDTQFVQFD,SFTVQRRVQ VVESFTVQRRVQPKV,,QSTVPIVGI PSSQSTVPIVGIVAG,IALRYYNQS RIALRYYNQSEAGSH,VLAVLGAMV VLAVLAVLGAMVAVV,VVTAMMCRR LGAVVTAMMCRRKSS,GLAVLVVLA VAGLAVLVVLAVLGA
FYPSQIKVR VTDFYPSQIKVRWFR,YFFNGTERV GECYFFNGTERVRLL,LGLIIHHRS IFLGLGLIIHHRSQK,,VAEQLRAYL AARVAEQLRAYLEGL,VVTAMMCRR LGAVVTAMMCRRKSS,AQIKVRWFR YPAQIKVRWFRNDQE,,,FNGTERVRL CHFFNGTERVRLLER,YCRHNYGVV DNYCRHNYGVVESFT,MRYFDTAVS SHSMRYFDTAVSRPG,,AVVAVVMCR VLAVLGAVVAVVMCR,FDTAVSRPG SMRYFDTAVSRPGRG,,FYPSQIKVR VTDFYPSQIKVRWFR,,EFRAVTLLG DVGEFRAVTLLGLPA,PRFLWQLKF TRPRFLWQLKFECHF,WTAADKAAQ LRSWTAADKAAQITQ,LQRAEPPKT KKTLQRAEPPKTHVT,,,FYHQEEYVR DRYFYHQEEYVRFDS,NEDLRSWTA IALNEDLRSWTAADK,,VYRAVTPLG FDSDVEVYRAVTPLG,FYTAVSRPG MRYFYTAVSRPGRGE,ERVQFLERL NGTERVQFLERLFYN,,FKTNTQTDR TQIFKTNTQTDRESL,YRGILQRRV EVAYRGILQRRVEPT,IIRQRSQKG LGLIIRQRSQKGLLH,GRLLRGYNQ GPDGRLLRGYNQFAY,FLEYSTSEC RPRFLEYSTSECHFF,LGLIIRQRS FLGLGLIIRQRSQKG,,VYPSKTQPL KVTVYPSKTQPLQHH,,FDTAMSRPG SMRYFDTAMSRPGRG,LRIALRYYN YRENLRIALRYYNQS,FSTSVSWPG HSMRYFSTSVSWPGR,IMGIVAGLA TIPIMGIVAGLAVLV,VLGAVVTAM VLAVLGAVVTAMMCR
YVRFDSDVG REEYVRFDSDVGVYR,FYPAQIKVR VTDFYPAQIKVRWFR,IIHHRSQKG LGLIIHHRSQKGLLH,,MRYFYTAMS SHSMRYFYTAMSRPG,MRYFDTAVS HSMRYFDTAVSRPGR,GLGLIIHHR LGLIFLGLGLIIHHR,,,VRLLERCIY TERVRLLERCIYNQE,YSTSECHFF FLEYSTSECHFFNGT,LGAVVTAMM VLAVLGAVVTAMMCR,,VGPDGRLLR VGPDGRLLRGYDQYA,RVSLRNLRG AQADRVSLRNLRGYY,,YVRFDSDVG REEYVRFDSDVGVYR,,FDSDVGEFR VRFDSDVGEFRAVTL,FLWQLKFEC RPRFLWQLKFECHFF,FVQFDSDAA TQFVQFDSDAASPRG,MRYFDTAVS HSMRYFDTAVSRPGR,,,VNGFYPGSI LVCSVNGFYPGSIEV,LTLRWGPSS PEPLTLRWGPSSQPT,,VMLEMTPQH QILVMLEMTPQHGDV,LLRGYNQFA GRLLRGYNQFAYDGK,PSVMSPLTV VEHPSVMSPLTVEWR,,SHTLQRMYG QSEDGSHTLQRMYGC,FYPSQIKVR VTDFYPSQIKVRWFR,FDSDVGVYR DVRFDSDVGVYRAVT,LRWGPSSQP PLTLRWGPSSQPTIP,KTGVVSTGL QEEKTGVVSTGLIHN,VYRAVTPQG VGVYRAVTPQGRPVA,,YGVVESFTV RHNYGVVESFTVQRR,,YLENGKDTL LRRYLENGKDTLERA,AVMCRRKSS AVMCRRKSSGGKGGS,LQRMFGCDL DGSHTLQRMFGCDLG,RKLEAARAA ITQRKLEAARAAEQL,LGAVVTAMM LAVLGAVVTAMMCRR
VRGVTRHIY TERVRGVTRHIYNRE,FKAMCYFTN VYQFKAMCYFTNGTE,YQLELRTTL RHNYQLELRTTLQRR,,EVTLRCWAL DHEVTLRCWALGFYP,RKLEAARAA ITQRKLEAARAAEQL,,,,HFFNGTERV FECHFFNGTERVRLL,YGVVESFTV RHNYGVVESFTVQRR,VLAVLGAVV LVVLAVLGAVVTAMM,,TQKYKRQAQ RETQKYKRQAQTDRV,FQRMYGCDL SHTFQRMYGCDLGPD,,LCYFTNGTE FKGLCYFTNGTERVR,,YNREEIVRF SRSIYNREEIVRFDS,LKFECHFFN RFLWQLKFECHFFNG,YFYTAVSRP SMRYFYTAVSRPGRG,IMGIVAGLA TIPIMGIVAGLAVLV,,,YFYHQEEYV FLDRYFYHQEEYVRF,MRYFYTAVS CSHSMRYFYTAVSRP,,FVYQFKAMC RDSPEDFVYQFKAMC,LRRYLENGK CVEWLRRYLENGKKT,LFYNQEEFV FLERLFYNQEEFVRF,,LQRMYGCDL GSHTLQRMYGCDLGP,YRGILQRRV YEVAYRGILQRRVEP,VRYVTRYIY VRYVTRYIYNREEDV,TLRWGPSSQ EPLTLRWGPSSQPTI,FLEDRRAAV QKDFLEDRRAAVDTY,YRAVTPQGR VYRAVTPQGRPVAEY,,FLNGQEEKA VRWFLNGQEEKAGMV,,LQSMYGCDV AGSHTLQSMYGCDVG,MKASAQTYR TRNMKASAQTYRENL,MVAVVMCRR LGAMVAVVMCRRKSS,YFDTAVSRP SMRYFDTAVSRPGRG,VVTAMMCRR LGAVVTAMMCRRKSS
ICSVTDFYP NLLICSVTDFYPSQI,MLSGIGGFV QSKMLSGIGGFVLGL,AQIKVRWFR FYPAQIKVRWFRNDQ,,PRFITVGYV PRFITVGYVDDTLFV,MMCRRKSSG MMCRRKSSGGKGGSC,,,,FFNGTERVR ECHFFNGTERVRLLE,VESFTVQRR NYGVVESFTVQRRVH,,,LCVEWLRRY RAYLEGLCVEWLRRY,GLAVLVVLA VAGLAVLVVLAVLGA,,VRGVTRHIY TERVRGVTRHIYNRE,,LVSRSIYNR VRLVSRSIYNREEIV,VRLLERCIY GTERVRLLERCIYNQ,YLENGKKTL LRRYLENGKKTLQRA,QRKLEAARA QITQRKLEAARAAEQ,,,VYPAKTQPL EVTVYPAKTQPLQHH,YLENGKKTL LRRYLENGKKTLQRA,,RVRYVTRYI GTERVRYVTRYIYNR,MRYFYTAVS SHSMRYFYTAVSRPG,FVRFDSDVG QEEFVRFDSDVGEYR,,FLEYSTSEC RPRFLEYSTSECHFF,VAYRGILQR NYEVAYRGILQRRVE,FRGILQRRV EVAFRGILQRRVEPT,LAVLGAVMA LAVLAVLGAVMAVVM,YFYNQEEYV FLDRYFYNQEEYVRF,RVRLVTRHI GTERVRLVTRHIYNR,,ILEQARAAV QKDILEQARAAVDTY,,LLRGHNQYA DGRLLRGHNQYAYDG,MRYFYTAMS SHSMRYFYTAMSRPG,LQRMFGCDL GSHTLQRMFGCDLGP,MGIVAGLAV IPIMGIVAGLAVLVV,PIMGIVAGL SSQPTIPIMGIVAGL
YRGILQRRV NYEVAYRGILQRRVE,CSVTDFYPA LLVCSVTDFYPAQIK,CRHNYQLEL TVCRHNYQLELRTTL,,FYTAMSRPG MRYFYTAMSRPGRGE,VTAMMCRRK VTAMMCRRKSSGGKG,,,,LWQLKFECH PRFLWQLKFECHFFN,YGVVESFTV RHNYGVVESFTVQRR,,,YLKNGKETL RRYLKNGKETLQRAE,VLGAVVTAM VLAVLGAVVTAMMCR,,ICSVTDFYP NLLICSVTDFYPSQI,,YWNSQKDIL AAEYWNSQKDILERK,FYPSQIKVR VTDFYPSQIKVRWFR,LLRGYNQFA DGRLLRGYNQFAYDG,YFDTAVSRP SMRYFDTAVSRPGRG,,,LVCSVNGFY NLLVCSVNGFYPGSI,FYTAVSRPG MRYFYTAVSRPGRGE,,YRAVTPLGP VEVYRAVTPLGPPDA,YFYTAVSRP SMRYFYTAVSRPGRG,AVTELGRPV EYRAVTELGRPVAES,,YGVVESFTV RHNYGVVESFTVQRR,YRAVTPQGR VGVYRAVTPQGRPVA,VRFDSDVGV EEDVRFDSDVGVYRA,LLRGYNQFA DGRLLRGYNQFAYDG,YSTSECHFF FLEYSTSECHFFNGT,GLGLIIRQR LGLIFLGLGLIIRQR,,VQRRVQPKV SFTVQRRVQPKVTVY,,IGAVVAAVM VVVIGAVVAAVMCRR,RYFYTAMSR SMRYFYTAMSRPGRG,SHTLQRMFG DGSHTLQRMFGCDLG,RFISVGYVD EPRFISVGYVDDTQF,HEGLQEPLT HMQHEGLQEPLTLSW
LGLIIRQRS LIFLGLGLIIRQRSR,SKMLSGIGG SAQSKMLSGIGGFVL,VYRAVTPLG DVGVYRAVTPLGRLD,,YRENLRTAL TQTYRENLRTALRYY,LGAVVTAMM VLAVLGAVVTAMMCR,,,,RVRLLERCI GTERVRLLERCIYNQ,VRYLDRYFH TERVRYLDRYFHNQE,,,VEWLRRYLK GLCVEWLRRYLKNGK,LGAVVTAMM LAVLGAVVTAMMCRR,,LICSVTDFY HNLLICSVTDFYPSQ,,ILERKRAAV QKDILERKRAAVDRV,VRFDSDVGV EEYVRFDSDVGVYRA,VMAVVMCRR LGAVMAVVMCRRKSS,FQRMYGCDL GSHTFQRMYGCDLGP,,,FTVQRRVYP GESFTVQRRVYPEVT,LRWGPSSQP PLTLRWGPSSQPTIP,,VYQFKAMCY EDFVYQFKAMCYFTN,LLEQKRAAV QKDLLEQKRAAVDTY,VYPAKTQPL EVTVYPAKTQPLQHH,,RFLEYSTSE DTRPRFLEYSTSECH,VRGVTRHIY TERVRGVTRHIYNRE,VMLEMTPQH QILVMLEMTPQHGDV,WGPSSQPTI TLRWGPSSQPTIPIV,VQRRVHPKV SFTVQRRVHPKVTVY,FYPGQIKVQ VTDFYPGQIKVQWFR,,VYRAVTPQG DVGVYRAVTPQGRPD,,LLRGHNQYA DGRLLRGHNQYAYDG,LRAYLEGLC AEQLRAYLEGLCVEW,TLRWKPSSQ LTLRWKPSSQPTIPI,IVAGLAVLV PIMGIVAGLAVLVVL,EGLQEPLTL MQHEGLQEPLTLSWE
FDSDVGVYR YVRFDSDVGVYRAVT,VTDFYPAQI LVCSVTDFYPAQIKV,YRAVTPLGR VGVYRAVTPLGRLDA,,RAYLEGLCV QLRAYLEGLCVESLR,AAQITQRKL TAAQITQRKLEAARA,,,,FLWQLKFEC RPRFLWQLKFECHFF,FRAVTELGR VGEFRAVTELGRPDA,,,RSHIIQRMY YNQSEARSHIIQRMY,VVTAMMCRR LGAVVTAMMCRRKSS,,YRGILQRRV NYEVAYRGILQRRVE,,LLGLPAAEY AVTLLGLPAAEYWNS,YRGILQRRV YEVAYRGILQRRVEP,LAVLGAVMA VLAVLAVLGAVMAVV,FDTAVSRPG MRYFDTAVSRPGRGE,,,FYPAQIKVR VTDFYPAQIKVRWFR,TLRWGPSSQ EPLTLRWGPSSQPTI,,FKAMCYFTN YQFKAMCYFTNGTER,YFYHQEEYV RFLDRYFYHQEEYVR,FFNGTERVQ FFNGTERVQFLERLF,,FLEYSTSEC RPRFLEYSTSECHFF,LGLIIRQRS LIFLGLGLIIRQRSR,VRYVTRYIY GTERVRYVTRYIYNR,AQTDRVNLR KRQAQTDRVNLRKLR,YFYNQEEYV FLDRYFYNQEEYVRF,VTDFYPGQI LVCSVTDFYPGQIKV,,EVAFRGILQ RHNYEVAFRGILQRR,,VVAAVMCRR VIGAVVAAVMCRRKS,FYTAMSRPG MRYFYTAMSRPGRGE,MRYFSTSVS SHSMRYFSTSVSWPG,MRYFDTAVS SHSMRYFDTAVSRPG,TLSWEPSSQ PLTLSWEPSSQPTIP
VYQFKGLCY EDFVYQFKGLCYFTN,GLGLIIHHR IFLGLGLIIHHRSQK,LRTTLQRRV NYQLELRTTLQRRVE,,LEGLCVESL RAYLEGLCVESLRRY,LQRAEPPKT KETLQRAEPPKTHVT,,,,FTVQRRVEP GESFTVQRRVEPKVT,VQRRVHPKV SFTVQRRVHPKVTVY,,,VVAVVMCRR AVVAVVMCRRKSSGG,LQRAEPPKT KKTLQRAEPPKTHVT,,LIIRQRSRK LGLIIRQRSRKGLLH,,AVTLLGLPA EFRAVTLLGLPAAEY,VAYRGILQR NYEVAYRGILQRRVE,FLEYSTSEC RPRFLEYSTSECHFF,LAVLVVLAV VAGLAVLVVLAVLGA,,,TVCRHNYQL ELDTVCRHNYQLELR,FVQFDSDAA DTQFVQFDSDAASPR,,YVTRYIYNR VRYVTRYIYNREEYA,SFTVQRRVY NYGVGESFTVQRRVY,FLWQGKYKC QPRFLWQGKYKCHFF,,YGVVESFTV CRHNYGVVESFTVQR,VRFDSDVGV EEYVRFDSDVGVYRA,ILERTRAEL QKDILERTRAELDTV,YVDDTQFVQ AVGYVDDTQFVQFDS,VTVYPSKTQ HPKVTVYPSKTQPLQ,VTRHIYNRE RLVTRHIYNREEYAR,,FRGILQRRV EVAFRGILQRRVEPT,,MRYFDTAMS SHSMRYFDTAMSRPG,VAAVMCRRK VAAVMCRRKSSGGKG,LLRGYNQFA DGRLLRGYNQFAYDG,LQRAEPPKT KETLQRAEPPKTHVT,TCHMQHEGL EQRYTCHMQHEGLQE
LCYFTNGTE YQFKGLCYFTNGTER,YRAVTPLGP VEVYRAVTPLGPPDA,LVCSVTDFY NLLVCSVTDFYPAQI,,RKWEAARVA ITQRKWEAARVAEQL,LRGYDQSAY GRLLRGYDQSAYDGK,,,,SFTVQRRVE VGESFTVQRRVEPKV,,,,YYNQSEARS LRGYYNQSEARSHII,MRYFDTAVS HSMRYFDTAVSRPGR,,VYQFKGLCY EDFVYQFKGLCYFTN,,VGEFRAVTL DSDVGEFRAVTLLGL,LIIRQRSRK LGLIIRQRSRKGLLH,RFLEYSTSE DTRPRFLEYSTSECH,IMGIVAGLA TIPIMGIVAGLAVLV,,,CRHNYQLEL TVCRHNYQLELRTTL,WTAADKAAQ LRSWTAADKAAQITQ,,YNREEYARF RYIYNREEYARFDSD,FTVQRRVYP GESFTVQRRVYPEVT,FYNQEEFVR ERLFYNQEEFVRFDS,,VDNYCRHNY RGRVDNYCRHNYGVV,LIIRQRSRK LGLIIRQRSRKGLLH,AELDTVCRH RTRAELDTVCRHNYE,FAYDGKDYI YNQFAYDGKDYIALN,VQRRVHPKV SFTVQRRVHPKVTVY,LGLIIRQRS IFLGLGLIIRQRSQK,,FVFQFKGMC PEDFVFQFKGMCYFT,,VIGAVVAAV AVVVIGAVVAAVMCR,VVAAVMCRR IGAVVAAVMCRRKSS,VLAVLGAMV VLAVLAVLGAMVAVV,PRFISVGYV RGEPRFISVGYVDDT,LAVLGAVVT LVVLAVLGAVVTAMM
CRHNYEVAY DRVCRHNYEVAYRGI,FVYQFKAMC PEDFVYQFKAMCYFT,VRGVTRYIY TERVRGVTRYIYNRE,,TVGYVDDTL RFITVGYVDDTLFVR,ITQRKLEAA AAQITQRKLEAARAA,,,,LLERCIYNQ RLLERCIYNQEESVR,,,,FDSDVGEYR YVRFDSDVGEYRAVT,PIMGIVAGL SSQPTIPIMGIVAGL,,SQIKVRWFR FYPSQIKVRWFRNDQ,,,YRAVTPQGR VGVYRAVTPQGRPVA,YFYNQEEYV LDRYFYNQEEYVRFD,SHTFQRMYG EDGSHTFQRMYGCDL,,,LRTTLQRRV NYQLELRTTLQRRVE,YKRQAQTDR TQKYKRQAQTDRVNL,,TTGVVSTPL QEETTGVVSTPLIRN,FLEQVKHEC RPRFLEQVKHECHFF,FLERLFYNQ QFLERLFYNQEEFVR,,VRYLDRYFH TERVRYLDRYFHNQE,FDSDVGVYR YVRFDSDVGVYRAVT,LIIRQRSQK GLGLIIRQRSQKGLL,VVMCRRKSS VMAVVMCRRKSSGGK,FKAMCYFTN YQFKAMCYFTNGTER,VYRAVTPQG DVGVYRAVTPQGRPV,,HNYEVAFRG VCRHNYEVAFRGILQ,,LLRGYDQSA DGRLLRGYDQSAYDG,AAVMCRRKS AAVMCRRKSSGGKGG,LTLRWKPSS EPLTLRWKPSSQPTI,ADRVSLRNL QAQADRVSLRNLRGY,LQRAEPPKT KETLQRAEPPKTHVT
RVRGVTRHI GTERVRGVTRHIYNR,NYQLELRTT DTVCRHNYQLELRTT,PSLQNPIIV VEHPSLQNPIIVEWR,,YTAMSRPGR YTAMSRPGRGEPRFI,LQRMYGCDL SHTLQRMYGCDLGPD,,,,CIYNQEESV LERCIYNQEESVRFD,,,,SFTVQRRVY VGESFTVQRRVYPEV,YKRQAQADR TQKYKRQAQADRVSL,,YEVAYRGIL RHNYEVAYRGILQRR,,,VRGVTRHIY TERVRGVTRHIYNRE,FYNQEEYVR DRYFYNQEEYVRFDS,IVAGLAVLV IMGIVAGLAVLVVLA,,,LGLIIHHRS IFLGLGLIIHHRSQK,LQRMYGCDL SHTLQRMYGCDLGPD,,YWNSQKEVL DAEYWNSQKEVLERT,VTVYPAKTQ YPEVTVYPAKTQPLQ,LVTRYIYNR RLVTRYIYNREEYAR,,RVRYLDRYF FFNGTERVRYLDRYF,,LGLIIRQRS IFLGLGLIIRQRSQK,VMAVVMCRR LGAVMAVVMCRRKSS,YVTRYIYNR VRYVTRYIYNREEYA,VRLVTRHIY VRLVTRHIYNREEYA,,VFQFKGMCY EDFVFQFKGMCYFTN,,IMGIVAGLA TIPIMGIVAGLAVLV,IQVMYGCDV GSHIIQVMYGCDVGP,FSTSVSWPG RYFSTSVSWPGRGEP,LEAARAAEQ QRKLEAARAAEQLRA,QRKLEAARA QITQRKLEAARAAEQ
HHNLLICSV ALNHHNLLICSVTDF,LGLIIHHRS FLGLGLIIHHRSQKG,IIVEWRAQS QNPIIVEWRAQSESA,,IQRMYGCDV SHIIQRMYGCDVGPD,LEAARAAEQ QRKLEAARAAEQLRA,,,,ESFTVQRRV HNYGVGESFTVQRRV,,,,VRFDSDVGE QEEYVRFDSDVGEYR,LLRGYDQFA RLLRGYDQFAYDGKD,,VRFDSDVGV EEYVRFDSDVGVYRA,,,FYPSQIKVR VTDFYPSQIKVRWFR,YFYNQEEYV FLDRYFYNQEEYVRF,FDTAVSRPG MRYFDTAVSRPGRGE,,,LVCSVTDFY NLLVCSVTDFYPAQI,WGPSSQPTI TLRWGPSSQPTIPIV,,EVYRAVTPL RFDSDVEVYRAVTPL,YTCQVEHPS GEVYTCQVEHPSLTS,FVYQFKGMC PEDFVYQFKGMCYFT,,LDRYFHNQE RYLDRYFHNQEENVR,,FDSDVGVYR DVRFDSDVGVYRAVT,VQFDSDAAS TQFVQFDSDAASPRG,VMLEMTPQH QILVMLEMTPQHGDV,YEVGYRGIL RHNYEVGYRGILQRR,,YRAVTPQGR VGVYRAVTPQGRPDA,,LVVLAVLGA AGLAVLVVLAVLGAV,SHIIQVMYG EAGSHIIQVMYGCDV,FLEYSTSEC RPRFLEYSTSECHFF,ARAAEQLRA KLEAARAAEQLRAYL,LQRMSGCDL SHTLQRMSGCDLGPD
YEVAYRGIL RHNYEVAYRGILQRR,YIYNREEYA VTRYIYNREEYARFD,,,FVRFDSDAT DTLFVRFDSDATSPR,VDNYCRHNY RGRVDNYCRHNYGVV,,,,VRLLERCIY TERVRLLERCIYNQE,,,,LLEQKRAAV QKDLLEQKRAAVDTY,HEGLQEPLT HMQHEGLQEPLTLSW,,VTDFYPSQI LICSVTDFYPSQIKV,,,YVRFDSDVG REEYVRFDSDVGVYR,SFTVQRRVH VGESFTVQRRVHPKV,RVSLRNLRG QADRVSLRNLRGYYN,,,VLERTRAEL QKEVLERTRAELDTV,LRRYLENGK VEWLRRYLENGKKTL,,,FYHQEEYVR FLDRYFYHQEEYVRF,FKGMCYFTN YQFKGMCYFTNGTER,,FNGTERVRY CHFFNGTERVRYLDR,,,DRVNLRKLR AQTDRVNLRKLRGYY,FVYQFKAMC RDSPEDFVYQFKAMC,IYNREEYAR VTRHIYNREEYARFD,,LGLIIRQRS IFLGLGLIIRQRSQK,,TIPIMGIVA PSSQPTIPIMGIVAG,LCVEWLRRY YLEGLCVEWLRRYLE,YSTSECHFF FLEYSTSECHFFNGT,LQRMYGCDL DGSHTLQRMYGCDLG,LEAARAAEQ QRKLEAARAAEQLRA
ALNHHNLLI RTEALNHHNLLICSV,IIHHRSQKG LGLIIHHRSQKGLLH,,,GYVDDTLFV ITVGYVDDTLFVRFD,LLEQKRGRV QKDLLEQKRGRVDNY,,,,FLWQLKFEC RPRFLWQLKFECHFF,,,,FTVQRRVYP GESFTVQRRVYPEVT,EGLQEPLTL MQHEGLQEPLTLSWE,,,,,LCYFTNGTE FKGLCYFTNGTERVR,VTVYPSKTQ HPKVTVYPSKTQPLQ,QRYTCHMQH QEQRYTCHMQHEGLQ,,,IIHHRSQKG LGLIIHHRSQKGLLH,YLENGKKTL LRRYLENGKKTLQRA,,,SFTVQRRVY VGESFTVQRRVYPEV,RVRLVTRYI GTERVRLVTRYIYNR,,FFNGTERVR TSECHFFNGTERVRY,,,GYVDDTQFV IAVGYVDDTQFVQFD,RVRYVTRYI GTERVRYVTRYIYNR,LIIRQRSQK FLGLGLIIRQRSQKG,,IIRQRSQKG LGLIIRQRSQKGLLH,,RFISVGYVD EPRFISVGYVDDTQF,IALRYYNQS RIALRYYNQSEAGSH,FRAVTELGR VGEFRAVTELGRPDA,IMGIVAGLA TIPIMGIVAGLAVLV,LGAVVTAMM LAVLGAVVTAMMCRR
IIRQRSRKG LGLIIRQRSRKGLLH,YQLELRTTL RHNYQLELRTTLQRR,,,ARVAEQLRA WEAARVAEQLRAYLE,VRYLDRYFH TERVRYLDRYFHNQE,,,,IYNQEESVR ERCIYNQEESVRFDS,,,,DLLEQKRAA YWNSQKDLLEQKRAA,TLSWEPSSQ PLTLSWEPSSQPTIP,,,,,VRGVTRHIY TERVRGVTRHIYNRE,VQRRVHPKV SFTVQRRVHPKVTVY,YLENGKKTL LRRYLENGKKTLQRA,,,VYRAVTPLG VGVYRAVTPLGPPAA,FYTAVSRPG MRYFYTAVSRPGRGE,,,FYHQEEYVR DRYFYHQEEYVRFDS,CYFTNGTER QFKGMCYFTNGTERV,,LLEQKRGRV QKDLLEQKRGRVDNY,,,FFNGTERVR FFNGTERVRFLDRYF,VYQFKAMCY EDFVYQFKAMCYFTN,YRAVTPQGR VGVYRAVTPQGRPVA,,LGLGLIIRQ LIFLGLGLIIRQRSQ,,IVAGLAVLV PIMGIVAGLAVLVVL,LRIALRYYN YRENLRIALRYYNQS,FFNGTERVR ECHFFNGTERVRFLD,VLAVLGAVV VLVVLAVLGAVVTAM,IMGIVAGLA TIPIMGIVAGLAVLV
YWNSQKEVL VAEYWNSQKEVLEGA,LQRRVEPTV RTTLQRRVEPTVTIS,,,VGYVDDTLF FITVGYVDDTLFVRF,YCRHNYGVV VDNYCRHNYGVVESF,,,,VQRRVEPKV SFTVQRRVEPKVTVY,,,,FLEQVKHEC RPRFLEQVKHECHFF,TCHMQHEGL EQRYTCHMQHEGLQE,,,,,ICSVTDFYP NLLICSVTDFYPSQI,,AMMCRRKSS TAMMCRRKSSGGKGG,,,YQLELRTTL RHNYQLELRTTLQRR,LRSWTAADK DLRSWTAADKAAQIT,,,FTVQRRVYP GESFTVQRRVYPEVT,VRLVTRYIY VRLVTRYIYNREEYA,,YCRHNYGVV VDNYCRHNYGVVESF,,,VNGFYPGSI VCSVNGFYPGSIEVR,EVYRAVTPL RFDSDVEVYRAVTPL,LDTVCRHNY RAELDTVCRHNYEVG,,FYPGQIKVR VTDFYPGQIKVRWFR,,FDTAVSRPG SMRYFDTAVSRPGRG,MRYFYTAMS SHSMRYFYTAMSRPG,FNGTERVRF CHFFNGTERVRFLDR,AAEQLRAYL EAARAAEQLRAYLEG,LQRMSGCDL GSHTLQRMSGCDLGP
YRAVTPQGR VGVYRAVTPQGRPVA,TTGVVSTPL QEETTGVVSTPLIRN,,,YLEGLCVES LRAYLEGLCVESLRR,FRAVTLLGL VGEFRAVTLLGLPAA,,,,LKFECHFFN FLWQLKFECHFFNGT,,,,RFLDRYFYH RFLDRYFYHQEEYVR,LEAARAAEQ QRKLEAARAAEQDRA,,,,,LICSVTDFY HNLLICSVTDFYPSQ,,TQRKLEAAR AQITQRKLEAARAAE,,,PSLQNPIIV VEHPSLQNPIIVEWR,LQRMYGCDL AGSHTLQRMYGCDLG,,,YFYHQEEYV FLDRYFYHQEEYVRF,IIVEWRAQS QNPIIVEWRAQSESA,,EFRAVTLLG VGEFRAVTLLGLPAA,,,FLEQVKHEC RPRFLEQVKHECHFF,FKAMCYFTN YQFKAMCYFTNGTER,YRGILQRRV EVGYRGILQRRVEPT,,YEVAFRGIL RHNYEVAFRGILQRR,,PRFISVGYV RGEPRFISVGYVDDT,VIGAVVAAV AVVVIGAVVAAVMCR,FRAVTELGR VGEFRAVTELGRPDA,IVAGLAVLV PIMGIVAGLAVLVVL,IVAGLAVLV PIMGIVAGLAVLVVL
VLEGARASV QKEVLEGARASVDRV,LSGIGGFVL MLSGIGGFVLGLIFL,,,LRTALRYYN RENLRTALRYYNQSE,RVRLVSRSI GTERVRLVSRSIYNR,,,,PRFLWQLKF DTRPRFLWQLKFECH,,,,VKHECHFFN FLEQVKHECHFFNGT,LAVLGAVVT LVVLAVLGAVVTAMM,,,,,YRGILQRRV NYEVAYRGILQRRVE,,KTHVTHHPL EPPKTHVTHHPLSDH,,,IIVEWRAQS QNPIIVEWRAQSESA,WTAADKAAQ LRSWTAADKAAQITQ,,,,VYQFKGMCY VYQFKGMCYFTNGTE,,IVRFDSDVG REEIVRFDSDVGEFR,,,YPEVTVYPA RRVYPEVTVYPAKTQ,AMCYFTNGT QFKAMCYFTNGTERV,IIRQRSQKG LGLIIRQRSQKGLLH,,NYEVAFRGI TVCRHNYEVAFRGIL,,GLAVLVVLA VAGLAVLVVLAVLGA,YTAMSRPGR RYFYTAMSRPGRGEP,YEVGYRGIL RHNYEVGYRGILQRR,MRYFDTAVS SHSMRYFDTAVSRPG,LEAARAAEQ QRKLEAARAAEQLRA
LIIRQRSRK GLGLIIRQRSRKGLL,YVTRYIYNR RVRYVTRYIYNREEY,,,YNQSEAGSH YNQSEAGSHIIQRMY,EFRAVTLLG DVGEFRAVTLLGLPA,,,,HHNLLICSV ALNHHNLLICSVTDF,,,,FYHQEEYVR FLDRYFYHQEEYVRF,QRKLEAARA QITQRKLEAARAAEQ,,,,,LIIRQRSRK LGLIIRQRSRKGLLH,,PRFISVGYV RGEPRFISVGYVDDT,,,AQIKVRWFR FYPAQIKVRWFRNDQ,FVQFDSDAA TQFVQFDSDAASPRG,,,,YARFDSDVG REEYARFDSDVGVYR,,RVRLVSRSI GTERVRLVSRSIYNR,,,HPSLTSPLT QVEHPSLTSPLTVEW,YVTRYIYNR RYVTRYIYNREEYAR,CRHNYEVGY TVCRHNYEVGYRGIL,,FRGILQRRV NYEVAFRGILQRRVE,,VLGAVVTAM VLAVLGAVVTAMMCR,YYNQSEAGS ALRYYNQSEAGSHII,FYPGQIKVQ VTDFYPGQIKVQWFR,ARAAEQLRA KLEAARAAEQLRAYL,LEYSTGECY PRFLEYSTGECYFFN
LQRRVEPTV RGILQRRVEPTVTIS,TVCRHNYQL LDTVCRHNYQLELRT,,,GLCVESLRR LEGLCVESLRRYLEN,YNREEIVRF SRSIYNREEIVRFDS,,,,NLLICSVTD HHNLLICSVTDFYPS,,,,YRAVTELGR VGEYRAVTELGRPDA,VVTAMMCRR LGAVVTAMMCRRKSS,,,,,VYQFKGLCY EDFVYQFKGLCYFTN,,VVLAVLGAV AVLVVLAVLGAVVTA,,,FYPAQIKVR VTDFYPAQIKVRWFR,YFYTAVSRP SMRYFYTAVSRPGRG,,,,HPSLQNPII HVEHPSLQNPIIVEW,,RLVSRSIYN ERVRLVSRSIYNREE,,,VCSVNGFYP NLLVCSVNGFYPGSI,VMLEMTPQH QILVMLEMTPQHGDV,ILQRRVEPT RGILQRRVEPTVTIS,,VFQFKGMCY EDFVFQFKGMCYFTN,,LGAVVTAMM LAVLGAVVTAMMCRR,PRMAPRAPW AASPRMAPRAPWIEQ,YWNSQKEVL VAEYWNSQKEVLERT,LQRMYGCDL DGSHTLQRMYGCDLG,YFYNQEEYV LDRYFYNQEEYVRFD
VTDFYPSQI LICSVTDFYPSQIKV,VYRAVTPLG FDSDVEVYRAVTPLG,,,MRYFYTAMS GSHSMRYFYTAMSRP,AGVVSTPLI EETAGVVSTPLIRNG,,,,LGLGLIIRQ LIFLGLGLIIRQRSR,,,,LLEQKRAAV QKDLLEQKRAAVDTY,DRVSLRNLR AQADRVSLRNLRGYY,,,,,SQIKVRWFR FYPSQIKVRWFRNDQ,,FQRMYGCDL SHTFQRMYGCDLGPD,,,MLSGIGGFV QSKMLSGIGGFVLGL,FLEYSTSEC RPRFLEYSTSECHFF,,,,VYQFKGMCY EDFVYQFKGMCYFTN,,LLGLPAAEY RAVTLLGLPAAEYWN,,,QRRVYPEVT FTVQRRVYPEVTVYP,FVYQFKAMC RDSPEDFVYQFKAMC,QIKVQWFRN FYPGQIKVQWFRNDQ,,YRAVTPQGR VGVYRAVTPQGRPDA,,VVTAMMCRR LGAVVTAMMCRRKSS,YRENLRIAL AQTYRENLRIALRYY,RVRLVTRYI GTERVRLVTRYIYNR,VVTAMMCRR LGAVVTAMMCRRKSS,YFFNGTERV GECYFFNGTERVRFL
FYPSQIKVR VTDFYPSQIKVRWFR,RVRYVTRYI GTERVRYVTRYIYNR,,,WEAARAAEQ QRKWEAARAAEQQRA,VGEFRAVTL DSDVGEFRAVTLLGL,,,,IIRQRSRKG LGLIIRQRSRKGLLH,,,,SFTVQRRVY NYGVGESFTVQRRVY,AQADRVSLR KRQAQADRVSLRNLR,,,,,YEVAYRGIL RHNYEVAYRGILQRR,,VVTAMMCRR LGAVVTAMMCRRKSS,,,LIIHHRSQK GLGLIIHHRSQKGLL,FFNGTERVR FFNGTERVRFLDRYF,,,,FKGMCYFTN YQFKGMCYFTNGTER,,FRAVTLLGL VGEFRAVTLLGLPAA,,,LLEQKRAAV QKDLLEQKRAAVDTY,VRYVTRYIY ERVRYVTRYIYNREE,,,LQRRVEPTV RGILQRRVEPTVTIS,,MRYFDTAVS HSMRYFDTAVSRPGR,GLCVEWLRR LRAYLEGLCVEWLRR,YIYNREEYA LVTRYIYNREEYARF,QAQADRVSL YKRQAQADRVSLRNL,FLEDRRALV QKDFLEDRRALVDTY
YRGILQRRV YEVAYRGILQRRVEP,MLEMTPQHG ILVMLEMTPQHGDVY,,,FYTAVSRPG SMRYFYTAVSRPGRG,LLGLPAAEY RAVTLLGLPAAEYWN,,,,LGLIIRQRS FLGLGLIIRQRSRKG,,,,VVSTGLIQN KTGVVSTGLIQNGDW,SLRNLRGYY DRVSLRNLRGYYNQS,,,,,VRFDSDVGV EEYVRFDSDVGVYRA,,LQRAEPPKT KKTLQRAEPPKTHVT,,,VTDFYPAQI LVCSVTDFYPAQIKV,KTGVVSTGL QEEKTGVVSTGLIHN,,,,RVRLVTRYI GTERVRLVTRYIYNR,,LVSRSIYNR RLVSRSIYNREEIVR,,,VVSTGLIQN KTGVVSTGLIQNGDW,RVRYVTRYI GTERVRYVTRYIYNR,,,IIRQRSQKG LGLIIRQRSQKGLLH,,PIMGIVAGL SSQPTIPIMGIVAGL,AVMCRRKSS AVMCRRKSSGGKGGS,IIRQRSQKG LGLIIRQRSQKGLLH,LLRGYDQSA GRLLRGYDQSAYDGK,FTVQRRVHP ESFTVQRRVHPKVTV
VAYRGILQR NYEVAYRGILQRRVE,LIFLGLGLI VLGLIFLGLGLIIHH,,,MRYFYTAVS SHSMRYFYTAVSRPG,TAGVVSTPL QEETAGVVSTPLIRN,,,,FKGLCYFTN VYQFKGLCYFTNGTE,,,,VQRRVYPEV TVQRRVYPEVTVYPA,FFNGTERVR FFNGTERVRFLDRYF,,,,,VTDFYPSQI LICSVTDFYPSQIKV,,MRYFDTAVS HSMRYFDTAVSRPGR,,,LGLGLIIHH LGLIFLGLGLIIHHR,YFHNQEENV LDRYFHNQEENVRFD,,,,IIVEWRAQS NPIIVEWRAQSESAQ,,EFRAVTLLG FDSDVGEFRAVTLLG,,,VRFLDRYFY GTERVRFLDRYFYHQ,VYQFKAMCY EDFVYQFKAMCYFTN,,,LGLIIRQRS FLGLGLIIRQRSQKG,,HEGLQEPLT HMQHEGLQEPLTLSW,MKASAQTYR TRNMKASAQTYRENL,YNREEYARF RYIYNREEYARFDSD,VTAMMCRRK VTAMMCRRKSSGGKG,VQRRVHPKV SFTVQRRVHPKVTVY
YRAVTPQGR VGVYRAVTPQGRPVA,VYQFKAMCY EDFVYQFKAMCYFTN,,,HHLVSDHEA HVTHHLVSDHEATLR,VRLVSRSIY ERVRLVSRSIYNREE,,,,LIIRQRSRK GLGLIIRQRSRKGLL,,,,FTVQRRVYP GESFTVQRRVYPEVT,FLWQPKREC RPRFLWQPKRECHFF,,,,,,,MMCRRKSSG MMCRRKSSGGKGGSC,,,LSGIGGFVL SKMLSGIGGFVLGLI,FRNGQEEKT VRWFRNGQEEKTGVV,,,,EWRAQSESA IIVEWRAQSESAQSK,,VDRVCRHNY AAVDRVCRHNYQLEL,,,YFYHQEEYV LDRYFYHQEEYVRFD,,,,CRHNYEVAF DTVCRHNYEVAFRGI,,EGLQEPLTL MQHEGLQEPLTLSWE,VVMCRRKSS VVMCRRKSSGGKGGS,VRLVTRYIY VRLVTRYIYNREEYA,LGAVVTAMM VLAVLGAVVTAMMCR,PRFLEYSTG DTRPRFLEYSTGECY
VRGVTRHIY TERVRGVTRHIYNRE,LRTTLQRRV QLELRTTLQRRVEPT,,,VVAVVMCRR LGAVVAVVMCRRKSS,EFRAVTLLG EFRAVTLLGLPAAEY,,,,LCYFTNGTE FKGLCYFTNGTERVR,,,,ESFTVQRRV HNYGVGESFTVQRRV,FTVQRRVQP VESFTVQRRVQPKVT,,,,,,,DRVSLRNLR KRQAQADRVSLRNLR,,,IIHHRSQKG LGLIIHHRSQKGLLH,FRAVTELGR VGEFRAVTELGRPDA,,,,,,VTLLGLPAA FRAVTLLGLPAAEYW,,,LVCSVNGFY HNLLVCSVNGFYPGS,,,,,,TLSWEPSSQ PLTLSWEPSSQPTIP,LQRAEHPKT KETLQRAEHPKTHVT,LVTRYIYNR LVTRYIYNREEYARF,LQRAEPPKT KETLQRAEPPKTHVT,VVSTGLIHN KTGVVSTGLIHNGDW
LGLIIRQRS LIFLGLGLIIRQRSR,VTPLGPPDA YRAVTPLGPPDAEYW,,,LVSDHEATL THHLVSDHEATLRCW,FRAVTLLGL VGEFRAVTLLGLPAA,,,,YRAVTPQGR VYRAVTPQGRPVAEY,,,,VTVYPAKTQ YPEVTVYPAKTQPLQ,RFLWQPKRE TRPRFLWQPKRECHF,,,,,,,VTAMMCRRK VTAMMCRRKSSGGKG,,,YQLELRTTL RHNYQLELRTTLQRR,VQRRVHPKV SFTVQRRVHPKVTVY,,,,,,KDILERKRA YWNSQKDILERKRAA,,,FYHQEEYVR DRYFYHQEEYVRFDS,,,,,,TCHMQHEGL EQRYTCHMQHEGLQE,RVNLRKLRG AQADRVNLRKLRGYY,IYNREEYAR RYIYNREEYARFDSD,ITQRKLEAA AAQITQRKLEAARAA,LTVEWSARS TSPLTVEWSARSESA
VRFDSDVGV EEYVRFDSDVGVYRA,EVYRAVTPL RFDSDVEVYRAVTPL,,,QRKWEAARA QITQRKWEAARAAEQ,LVSRSIYNR RLVSRSIYNREEIVR,,,,ICSVTDFYP NLLICSVTDFYPSQI,,,,VYPEVTVYP QRRVYPEVTVYPAKT,YFYNQEESV LDRYFYNQEESVRFD,,,,,,,LRGYDQFAY GRLLRGYDQFAYDGK,,,AQIKVRWFR FYPAQIKVRWFRNDQ,VVSTGLIHN KTGVVSTGLIHNGDW,,,,,,ILERKRAAV QKDILERKRAAVDRV,,,FTVQRRVYP SFTVQRRVYPEVTVY,,,,,,LAVLGAVVT LVVLAVLGAVVTAMM,LRKLRGYYN RVNLRKLRGYYNQSE,LIIRQRSQK GLGLIIRQRSQKGLL,AQADRVSLR KRQAQADRVSLRNLR,VTELGRPSA YRAVTELGRPSAEYW
LIIRQRSRK LGLIIRQRSRKGLLH,YIYNREEYA YVTRYIYNREEYARF,,,LAVLGAVVA LAVLAVLGAVVAVVM,RVRLVSRSI GTERVRLVSRSIYNR,,,,LICSVTDFY HNLLICSVTDFYPSQ,,,,LVCSVNGFY HNLLVCSVNGFYPGS,SFTVQRRVQ VVESFTVQRRVQPKV,,,,,,,LGAVVTAMM VLAVLGAVVTAMMCR,,,VYQFKGMCY EDFVYQFKGMCYFTN,SFTVQRRVH VGESFTVQRRVHPKV,,,,,,VRLVSRSIY TERVRLVSRSIYNRE,,,VYPAKTQPL EVTVYPAKTQPLQHH,,,,,,LQRAEPPKT KETLQRAEPPKTHVT,VMAVVMCRR LGAVMAVVMCRRKSS,RVRLVTRYI GTERVRLVTRYIYNR,LEAARAAEQ QRKLEAARAAEQLRA,SFTVQRRVH VGESFTVQRRVHPKV
FDSDVGVYR YVRFDSDVGVYRAVT,VMLEMTPQH QILVMLEMTPQHGDV,,,MRYFYTAVS CSHSMRYFYTAVSRP,IYNREEIVR SRSIYNREEIVRFDS,,,,VYRAVTPQG VGVYRAVTPQGRPVA,,,,VYPAKTQPL EVTVYPAKTQPLQHH,QRRVQPKVT FTVQRRVQPKVTVYP,,,,,,,LEAARAAEQ QRKLEAARAAEQDRA,,,LRTTLQRRV HNYQLELRTTLQRRV,PRFLEYSTS DTRPRFLEYSTSECH,,,,,,LLGLPAAEY VTLLGLPAAEYWNSQ,,,SFTVQRRVY VGESFTVQRRVYPEV,,,,,,QRKLEAARA QITQRKLEAARAAEQ,DRVNLRKLR QAQADRVNLRKLRGY,VTRYIYNRE RLVTRYIYNREEYAR,AAQITQRKL ADTAAQITQRKLEAA,FYNQEEYVR FYNQEEYVRFDSDVG
,IIHHRSQKG LGLIIHHRSQKGLLH,,,FYTAVSRPG MRYFYTAVSRPGRGE,VTLLGLPAA FRAVTLLGLPAAEYW,,,,VYQFKGLCY EDFVYQFKGLCYFTN,,,,PRFLEQVKH DTRPRFLEQVKHECH,DILEQARAA SQKDILEQARAAVDT,,,,,,,AAQITQRKL TAAQITQRKLEAARA,,,VYRAVTPLG VGVYRAVTPLGPPAA,FLEYSTSEC RPRFLEYSTSECHFF,,,,,,IYNREEIVR VSRSIYNREEIVRFD,,,LLEQKRAAV QKDLLEQKRAAVDTY,,,,,,LQRMYGCDL SHTLQRMYGCDLGPD,AVVMCRRKS AVMAVVMCRRKSSGG,YIYNREEYA VTRYIYNREEYARFD,VRFLDRYFH GTERVRFLDRYFHNQ,YFYNQEEYV FLDRYFYNQEEYVRF
,VYRAVTPLG DVEVYRAVTPLGPPD,,,YKRQAQTDR TQKYKRQAQTDRVSL,RAAVDRVCR LERKRAAVDRVCRHN,,,,YRGILQRRV EVAYRGILQRRVEPT,,,,FDSDVGVYR YARFDSDVGVYRAVT,FLNGQEEKA VRWFLNGQEEKAGMV,,,,,,,ITQRKLEAA AAQITQRKLEAARAA,,,IIVEWRAQS QNPIIVEWRAQSESA,KTGVVSTGL QEEKTGVVSTGLIHN,,,,,,IVRFDSDVG REEIVRFDSDVGEFR,,,FNGTERVRF CHFFNGTERVRFLDR,,,,,,LEAARAAEQ QRKLEAARAAEQLRA,KTHVTHHPV EHPKTHVTHHPVSDH,VLERTRAEL QKEVLERTRAELDTV,VRFLDRYFH TERVRFLDRYFHNQE,FLEYSTGEC RPRFLEYSTGECYFF
,RVRYVTRYI GTERVRYVTRYIYNR,,,WEAARAAEQ QRKWEAARAAEQQRA,KDILERKRA YWNSQKDILERKRAA,,,,FYPSQIKVR VTDFYPSQIKVRWFR,,,,VRLVTRYIY GTERVRLVTRYIYNR,ILEQARAAV QKDILEQARAAVDTY,,,,,,,,,,LGLIIHHRS LGLGLIIHHRSQKGL,YSTSECHFF FLEYSTSECHFFNGT,,,,,,RVCRHNYQL AVDRVCRHNYQLELR,,,VRFLDRYFY TERVRFLDRYFYHQE,,,,,,LGAVVTAMM LAVLGAVVTAMMCRR,LQRAEHPKT KETLQRAEHPKTHVT,IIRQRSQKG LGLIIRQRSQKGLLH,ILEDERAAV QKDILEDERAAVDTY,LTVEWSARS TSPLTVEWSARSESA
,LRTTLQRRV HNYQLELRTTLQRRV,,,VTHHLVSDH KTHVTHHLVSDHEAT,ILERKRAAV QKDILERKRAAVDRV,,,,LCYFTNGTE FKGLCYFTNGTERVR,,,,YIYNREEYA LVTRYIYNREEYARF,KAGMVSTGL QEEKAGMVSTGLIQN,,,,,,,,,,,VRFLDRYFH GTERVRFLDRYFHNQ,,,,,,RVRLVSRSI FTNGTERVRLVSRSI,,,FTVQRRVYP GESFTVQRRVYPEVT,,,,,,IMGIVAGLA TIPIMGIVAGLAVLV,GLAVLAVLA VAGLAVLAVLAVLGA,VGYRGILQR RHNYEVGYRGILQRR,FRAVTELGR VGEFRAVTELGRPDA,YFFNGTERV GECYFFNGTERVRFL
,,,,KTHVTHHLV EHPKTHVTHHLVSDH,FDSDVGEFR IVRFDSDVGEFRAVT,,,,LICSVTDFY HNLLICSVTDFYPSQ,,,,IIVEWRAQS QNPIIVEWRAQSESA,VQRRVQPKV SFTVQRRVQPKVTVY,,,,,,,,,,,FNGTERVRF FFNGTERVRFLDRYF,,,,,,VGEFRAVTL RFDSDVGEFRAVTLL,,,VYRAVTPLG FDSDVGVYRAVTPLG,,,,,,IVAGLAVLV PIMGIVAGLAVLVVL,VMAVVMCRR LGAVMAVVMCRRKSS,VRLVTRYIY VRLVTRYIYNREEYA,FYPGQIKVR VTDFYPGQIKVRWFR,YRAVTELGR VGEYRAVTELGRPSA
,,,,VYPAKTQPL EVTVYPAKTQPLQHH,YWNSQKDIL AEYWNSQKDILERKR,,,,RVRGVTRHI FTNGTERVRGVTRHI,,,,LVTRYIYNR RLVTRYIYNREEYAR,VRFLDRYFY TERVRFLDRYFYNQE,,,,,,,,,,,FRAVTELGR VGEFRAVTELGRPDA,,,,,,RKRAAVDRV LERKRAAVDRVCRHN,,,TVCRHNYQL LDTVCRHNYQLELRT,,,,,,LEAARAAEQ QRKLEAARAAEQLRA,VVMCRRKSS VMAVVMCRRKSSGGK,QIKVQWFRN FYPGQIKVQWFRNDQ,RVRLVTRHI GTERVRLVTRHIYNR,YRAVTPLGR VGVYRAVTPLGRLDA
,,,,FFNGTERVQ KCHFFNGTERVQFLE,IVRFDSDVG REEIVRFDSDVGEFR,,,,IFLGLGLII LGLIFLGLGLIIRQR,,,,PIIVEWRAQ HPSLQNPIIVEWRAQ,SFTVQRRVQ VVESFTVQRRVQPKV,,,,,,,,,,,VQRRVHPKV SFTVQRRVHPKVTVY,,,,,,,,,YARFDSDVG REEYARFDSDVGVYR,,,,,,MRYFDTAVS SHSMRYFDTAVSRPG,VNLRKLRGY QAQADRVNLRKLRGY,,YEVAFRGIL RHNYEVAFRGILQRR,RVRGVTRYI GTERVRGVTRYIYNR
,,,,FVRFDSDVG QEEFVRFDSDVGEYR,RVCRHNYQL AVDRVCRHNYQLELR,,,,IYNREEYVR TRHIYNREEYVRFDS,,,,VRLVTRYIY ERVRLVTRYIYNREE,ILEQARAAV QKDILEQARAAVDTY,,,,,,,,,,,FYPGQIKVR VTDFYPGQIKVRWFR,,,,,,,,,HPSLQNPII HVEHPSLQNPIIVEW,,,,,,FLEYSTSEC RPRFLEYSTSECHFF,VLAVLAVLG GLAVLAVLAVLGAVM,,FDSDVGVYR YARFDSDVGVYRAVT,LGRLDAEYW VTPLGRLDAEYWNSQ
,,,,FLERLFYNQ FLERLFYNQEEFVRF,VDRVCRHNY RAAVDRVCRHNYQLE,,,,SQIKVRWFR FYPSQIKVRWFRNDQ,,,,FDSDVGVYR RFDSDVGVYRAVTPL,FNGTERVRF CHFFNGTERVRFLDR,,,,,,,,,,,YARFDSDVG REEYARFDSDVGVYR,,,,,,,,,VTPLGPPAA YRAVTPLGPPAAEYW,,,,,,YFHNQEENV LDRYFHNQEENVRFD,LRKLRGYYN LRKLRGYYNQSEDGS,,NYEVAFRGI TVCRHNYEVAFRGIL,VFQFKGMCY EDFVFQFKGMCYFTN
,,,,YKCHFFNGT QGKYKCHFFNGTERV,LLGLPAAEY AVTLLGLPAAEYWNS,,,,YQFKGLCYF YQFKGLCYFTNGTER,,,,ERVRLVTRY YFTNGTERVRLVTRY,FTVQRRVQP VESFTVQRRVQPKVT,,,,,,,,,,,HNYEVAFRG VCRHNYEVAFRGILQ,,,,,,,,,YRAVTPLGP VGVYRAVTPLGPPAA,,,,,,SFTVQRRVH VVESFTVQRRVHPKV,LAVLGAVMA LAVLAVLGAVMAVVM,,FRGILQRRV NYEVAFRGILQRRVE,YRAVTPLGR VGVYRAVTPLGRLDA
,,,,ERVQFLERL NGTERVQFLERLFYN,,,,,YEVAYRGIL RHNYEVAYRGILQRR,,,,RVRLVTRYI GTERVRLVTRYIYNR,VRFLDRYFY TERVRFLDRYFYNQE,,,,,,,,,,,VFQFKGMCY EDFVFQFKGMCYFTN,,,,,,,,,RVRLVTRYI GTERVRLVTRYIYNR,,,,,,FRAVTELGR VGEFRAVTELGRPDA,AVMAVVMCR VLAVLGAVMAVVMCR,,YRAVTPQGR VGVYRAVTPQGRPDA,VFQFKGMCY EDFVFQFKGMCYFTN
,,,,LFYNQEEFV FLERLFYNQEEFVRF,,,,,ALNHHNLLI RTEALNHHNLLICSV,,,,IIVEWRAQS QNPIIVEWRAQSESA,FYPGQIKVR VTDFYPGQIKVRWFR,,,,,,,,,,,YIYNREEYA VTRYIYNREEYARFD,,,,,,,,,YIYNREEYA VTRYIYNREEYARFD,,,,,,VQRRVHPKV SFTVQRRVHPKVTVY,NLRKLRGYY DRVNLRKLRGYYNQS,,LQRRVEPTV RGILQRRVEPTVTIS,
,,,,FVRFDSDVG QEEFVRFDSDVGEYR,,,,,VGGFVLGLI MLSGVGGFVLGLIFL,,,,YRAVTPLGP YRAVTPLGPPAAEYW,YARFDSDVG REEYARFDSDVGVYR,,,,,,,,,,,LEGTRAELD KEVLEGTRAELDTVC,,,,,,,,,VLERTRAEL QKEVLERTRAELDTV,,,,,,VVSTGLIHN KTGVVSTGLIHNGDW,TQKYKRQAQ YWDRETQKYKRQAQA,,IIRQRSQKG LGLIIRQRSQKGLLH,
,,,,AVTELGRPV EYRAVTELGRPVAES,,,,,VDRVCRHNY RASVDRVCRHNYEVA,,,,,HNYEVAFRG VCRHNYEVAFRGILQ,,,,,,,,,,,CRHNYEVAF DTVCRHNYEVAFRGI,,,,,,,,,IIVEWRAQS NPIIVEWRAQSESAQ,,,,,,FTVQRRVHP VESFTVQRRVHPKVT,DRVNLRKLR RQAQADRVNLRKLRG,,LGLIIRQRS FLGLGLIIRQRSQKG,
,,,,VYPAKTQPL EVTVYPAKTQPLQHH,,,,,FVYQFKGLC RDSPEDFVYQFKGLC,,,,,VFQFKGMCY EDFVFQFKGMCYFTN,,,,,,,,,,,YEVAFRGIL RHNYEVAFRGILQRR,,,,,,,,,LERTRAELD KEVLERTRAELDTVC,,,,,,FDSDVGEFR NVRFDSDVGEFRAVT,VLAVLGAVM VLAVLAVLGAVMAVV,,CRHNYEVAF DTVCRHNYEVAFRGI,
,,,,FFNGTERVQ FFNGTERVQFLERLF,,,,,YVRFDSDVG REEYVRFDSDVGVYR,,,,,YIYNREEYA VTRYIYNREEYARFD,,,,,,,,,,,FRGILQRRV EVAFRGILQRRVEPT,,,,,,,,,EWRAQSESA IIVEWRAQSESAQSK,,,,,,PRFLEYSTS DTRPRFLEYSTSECH,YKCHFFNGT QGKYKCHFFNGTERV,,VRLVTRHIY VRLVTRHIYNREEYA,
,,,,FTVQRRVHP GESFTVQRRVHPEVT,,,,,LGLIIRQRS FLGLGLIIRQRSRKG,,,,,LEGTRAELD KEVLEGTRAELDTVC,,,,,,,,,,,KEVLEGTRA QKEVLEGTRAELDTV,,,,,,,,,TTGVVSTPL QEETTGVVSTPLIRN,,,,,,FLEYSTSEC RPRFLEYSTSECHFF,YTCQVEHPS GEVYTCQVEHPSVMS,,VRLVTRHIY GTERVRLVTRHIYNR,
,,,,FLWQGKYKC QPRFLWQGKYKCHFF,,,,,LNHHNLLIC TEALNHHNLLICSVT,,,,,CRHNYEVAF DTVCRHNYEVAFRGI,,,,,,,,,,,RVRLVTRYI GTERVRLVTRYIYNR,,,,,,,,,VRLVTRYIY GTERVRLVTRYIYNR,,,,,,VRYLDRYFH TERVRYLDRYFHNQE,VQFLERLFY GTERVQFLERLFYNQ,,FYPGQIKVR VTDFYPGQIKVRWFR,
,,,,FYNQEEFVR ERLFYNQEEFVRFDS,,,,,VRGVTRHIY TERVRGVTRHIYNRE,,,,,YEVAFRGIL RHNYEVAFRGILQRR,,,,,,,,,,,IIRQRSQKG LGLIIRQRSQKGLLH,,,,,,,,,YIYNREEYA LVTRYIYNREEYARF,,,,,,SFTVQRRVH VVESFTVQRRVHPKV,RFLWQGKYK TQPRFLWQGKYKCHF,,LVTRHIYNR RLVTRHIYNREEYAR,
,,,,FLERLFYNQ QFLERLFYNQEEFVR,,,,,VTRHIYNRE GVTRHIYNREEYVRF,,,,,FRGILQRRV EVAFRGILQRRVEPT,,,,,,,,,,,FYPGQIKVR VTDFYPGQIKVRWFR,,,,,,,,,AELDTVCRH RTRAELDTVCRHNYQ,,,,,,FRAVTELGR VGEFRAVTELGRPDA,YRAVTELGR VGEYRAVTELGRPVA,,GQIKVRWFR FYPGQIKVRWFRNDQ,
,,,,FYPAQIKVR VTDFYPAQIKVRWFR,,,,,YRGILQRRV VAYRGILQRRVEPTV,,,,,KEVLEGTRA QKEVLEGTRAELDTV,,,,,,,,,,,YEVAFRGIL RHNYEVAFRGILQRR,,,,,,,,,IIVEWRAQS QNPIIVEWRAQSESA,,,,,,FRAVTLLGL VGEFRAVTLLGLPAA,FLERLFYNQ VQFLERLFYNQEEFV,,GLGLIIRQR LGLIFLGLGLIIRQR,
,,,,VYRAVTPLG DVGVYRAVTPLGPPA,,,,,VLGLIFLGL GVGGFVLGLIFLGLG,,,,,RVRLVTRYI GTERVRLVTRYIYNR,,,,,,,,,,,NYEVAFRGI TVCRHNYEVAFRGIL,,,,,,,,,,,,,,,IVRFDSDVG REEIVRFDSDVGEFR,FFNGTERVQ KCHFFNGTERVQFLE,,FDSDVGVYR YARFDSDVGVYRAVT,
,,,,YARFDSDVG REEYARFDSDVGVYR,,,,,VYRAVTPQG DVGVYRAVTPQGRPV,,,,,IIRQRSQKG LGLIIRQRSQKGLLH,,,,,,,,,,,FRGILQRRV NYEVAFRGILQRRVE,,,,,,,,,,,,,,,RVRLVSRSI GTERVRLVSRSIYNR,RVQFLERLF FFNGTERVQFLERLF,,VYRAVTPQG VGVYRAVTPQGRPDA,
,,,,VYQFKGMCY EDFVYQFKGMCYFTN,,,,,LIIRQRSRK LGLIIRQRSRKGLLH,,,,,LIIRQRSQK GLGLIIRQRSQKGLL,,,,,,,,,,,VFQFKGMCY EDFVFQFKGMCYFTN,,,,,,,,,,,,,,,EFRAVTLLG DVGEFRAVTLLGLPA,HFFNGTERV YKCHFFNGTERVQFL,,FRGILQRRV VAFRGILQRRVEPTV,
,,,,GLGLIIHHR IFLGLGLIIHHRSQK,,,,,VYQFKGLCY EDFVYQFKGLCYFTN,,,,,FRGILQRRV EVAFRGILQRRVEPT,,,,,,,,,,,RVRLVTRYI GTERVRLVTRYIYNR,,,,,,,,,,,,,,,FDSDVGEFR VRFDSDVGEFRAVTL,FLWQGKYKC QPRFLWQGKYKCHFF,,ILQRRVEPT FRGILQRRVEPTVTI,
,,,,YRAVTPLGP VGVYRAVTPLGPPAA,,,,,CRHNYEVAY DRVCRHNYEVAYRGI,,,,,VRLVTRYIY GTERVRLVTRYIYNR,,,,,,,,,,,YIYNREEYA LVTRYIYNREEYARF,,,,,,,,,,,,,,,YNREEIVRF SRSIYNREEIVRFDS,FYNQEEFVR FLERLFYNQEEFVRF,,LIIRQRSQK GLGLIIRQRSQKGLL,
,,,,LGLIIHHRS FLGLGLIIHHRSQKG,,,,,YRAVTPQGR VGVYRAVTPQGRPVA,,,,,YIYNREEYA LVTRYIYNREEYARF,,,,,,,,,,,IIRQRSQKG LGLIIRQRSQKGLLH,,,,,,,,,,,,,,,LVSRSIYNR VRLVSRSIYNREEIV,CHFFNGTER KYKCHFFNGTERVQF,,LGLIIRQRS IFLGLGLIIRQRSQK,
,,,,RVRLVTRYI GTERVRLVTRYIYNR,,,,,VLEGARASV QKEVLEGARASVDRV,,,,,AELDTVCRH GTRAELDTVCRHNYE,,,,,,,,,,,YNREEYARF RYIYNREEYARFDSD,,,,,,,,,,,,,,,YWNSQKDIL AAEYWNSQKDILERK,MSPLTVEWR HPSVMSPLTVEWRAR,,RVRLVTRHI FTNGTERVRLVTRHI,
,,,,YIYNREEYA LVTRYIYNREEYARF,,,,,ILQRRVEPT RGILQRRVEPTVTIS,,,,,,,,,,,,,,,,CRHNYEVAF DTVCRHNYEVAFRGI,,,,,,,,,,,,,,,ILERKRAAV QKDILERKRAAVDRV,ILEDRRGQV QKDILEDRRGQVDTV,,YRAVTPQGR GVYRAVTPQGRPDAE,
,,,,IIHHRSQKG LGLIIHHRSQKGLLH,,,,,VTPQGRPVA YRAVTPQGRPVAEYW,,,,,,,,,,,,,,,,VRLVTRYIY VRLVTRYIYNREEYA,,,,,,,,,,,,,,,LLGLPAAEY AVTLLGLPAAEYWNS,PSVMSPLTV VEHPSVMSPLTVEWR,,VCRHNYEVA LDTVCRHNYEVAFRG,
,,,,YQLELRTTL RHNYQLELRTTLQRR,,,,,,,,,,,,,,,,,,,,,,,,,,,,,,,,,,,,AVTLLGLPA EFRAVTLLGLPAAEY,RVQFLERLF FFNGTERVQFLERLF,,VAFRGILQR RHNYEVAFRGILQRR,
,,,,MLSGIGGFV QSKMLSGIGGFVLGL,,,,,,,,,,,,,,,,,,,,,,,,,,,,,,,,,,,,VGEFRAVTL DSDVGEFRAVTLLGL,HFFNGTERV YKCHFFNGTERVQFL,,IIRQRSQKG LGLIIRQRSQKGLLH,
,,,,GLGLIIHHR IFLGLGLIIHHRSQK,,,,,,,,,,,,,,,,,,,,,,,,,,,,,,,,,,,,LVSRSIYNR RVRLVSRSIYNREEI,VDTVCRHNY RGQVDTVCRHNYGVG,,VLEGTRAEL QKEVLEGTRAELDTV,
,,,,VTPLGPPAA YRAVTPLGPPAAEYW,,,,,,,,,,,,,,,,,,,,,,,,,,,,,,,,,,,,VRLVSRSIY ERVRLVSRSIYNREE,FLWQGKYKC QPRFLWQGKYKCHFF,,CRHNYEVAF TVCRHNYEVAFRGIL,
,,,,YRAVTPLGP VGVYRAVTPLGPPAA,,,,,,,,,,,,,,,,,,,,,,,,,,,,,,,,,,,,EFRAVTLLG VGEFRAVTLLGLPAA,FLERLFYNQ QFLERLFYNQEEFVR,,,
,,,,FKGMCYFTN YQFKGMCYFTNGTER,,,,,,,,,,,,,,,,,,,,,,,,,,,,,,,,,,,,IVRFDSDVG REEIVRFDSDVGEFR,VTVYPAKTQ HPEVTVYPAKTQPLQ,,,
,,,,NYQLELRTT DTVCRHNYQLELRTT,,,,,,,,,,,,,,,,,,,,,,,,,,,,,,,,,,,,TLLGLPAAE FRAVTLLGLPAAEYW,FNGTERVQF CHFFNGTERVQFLER,,,
,,,,YIYNREEYA VTRYIYNREEYARFD,,,,,,,,,,,,,,,,,,,,,,,,,,,,,,,,,,,,RVRLVSRSI GTERVRLVSRSIYNR,VRWFRNGQE SIEVRWFRNGQEEKA,,,
,,,,EWRAQSESA IIVEWRAQSESAQSK,,,,,,,,,,,,,,,,,,,,,,,,,,,,,,,,,,,,VTLLGLPAA EFRAVTLLGLPAAEY,VQRRVHPEV TVQRRVHPEVTVYPA,,,
,,,,YQLELRTTL RHNYQLELRTTLQRR,,,,,,,,,,,,,,,,,,,,,,,,,,,,,,,,,,,,LLGLPAAEY RAVTLLGLPAAEYWN,VQFLERLFY GTERVQFLERLFYNQ,,,
,,,,TVCRHNYQL LDTVCRHNYQLELRT,,,,,,,,,,,,,,,,,,,,,,,,,,,,,,,,,,,,,RFLWQGKYK TQPRFLWQGKYKCHF,,,
,,,,VYQFKGMCY EDFVYQFKGMCYFTN,,,,,,,,,,,,,,,,,,,,,,,,,,,,,,,,,,,,,LWQGKYKCH LWQGKYKCHFFNGTE,,,
,,,,LIFLGLGLI VLGLIFLGLGLIIHH,,,,,,,,,,,,,,,,,,,,,,,,,,,,,,,,,,,,,YRAVTELGR VGEYRAVTELGRPVA,,,
,,,,LRTTLQRRV QLELRTTLQRRVEPT,,,,,,,,,,,,,,,,,,,,,,,,,,,,,,,,,,,,,VVSTGLIQN KAGVVSTGLIQNGDW,,,
,,,,RVRLVTRYI GTERVRLVTRYIYNR,,,,,,,,,,,,,,,,,,,,,,,,,,,,,,,,,,,,,FFNGTERVQ KCHFFNGTERVQFLE,,,
,,,,HNLLVCSVT HNLLVCSVTDFYPAQ,,,,,,,,,,,,,,,,,,,,,,,,,,,,,,,,,,,,,FVRFDSDVG QEEFVRFDSDVGEYR,,,
,,,,VLERTRAEL QKEVLERTRAELDTV,,,,,,,,,,,,,,,,,,,,,,,,,,,,,,,,,,,,,VYPAKTQPL EVTVYPAKTQPLQHH,,,
,,,,IIVEWRAQS NPIIVEWRAQSESAQ,,,,,,,,,,,,,,,,,,,,,,,,,,,,,,,,,,,,,FDSDVGEYR FVRFDSDVGEYRAVT,,,
,,,,LERTRAELD KEVLERTRAELDTVC,,,,,,,,,,,,,,,,,,,,,,,,,,,,,,,,,,,,,VTELGRPVA YRAVTELGRPVAESW,,,
,,,,VYRAVTPLG FDSDVGVYRAVTPLG,,,,,,,,,,,,,,,,,,,,,,,,,,,,,,,,,,,,,FYNQEEFVR FLERLFYNQEEFVRF,,,
,,,,FYPAQIKVR VTDFYPAQIKVRWFR,,,,,,,,,,,,,,,,,,,,,,,,,,,,,,,,,,,,,LVTRYIYNR RLVTRYIYNREEYAR,,,
,,,,YARFDSDVG REEYARFDSDVGVYR,,,,,,,,,,,,,,,,,,,,,,,,,,,,,,,,,,,,,FDSDVGVYR YARFDSDVGVYRAVT,,,
,,,,CSVTDFYPA LLVCSVTDFYPAQIK,,,,,,,,,,,,,,,,,,,,,,,,,,,,,,,,,,,,,FVYQFKGMC PEDFVYQFKGMCYFT,,,
,,,,SKMLSGIGG SAQSKMLSGIGGFVL,,,,,,,,,,,,,,,,,,,,,,,,,,,,,,,,,,,,,FKGMCYFTN YQFKGMCYFTNGTER,,,
,,,,VTDFYPAQI LVCSVTDFYPAQIKV,,,,,,,,,,,,,,,,,,,,,,,,,,,,,,,,,,,,,RVRLVTRYI GTERVRLVTRYIYNR,,,
,,,,HPSLQNPII HVEHPSLQNPIIVEW,,,,,,,,,,,,,,,,,,,,,,,,,,,,,,,,,,,,,CYFTNGTER QFKGMCYFTNGTERV,,,
,,,,LGLIIHHRS FLGLGLIIHHRSQKG,,,,,,,,,,,,,,,,,,,,,,,,,,,,,,,,,,,,,VRLVTRYIY VRLVTRYIYNREEYA,,,
,,,,IIHHRSQKG LGLIIHHRSQKGLLH,,,,,,,,,,,,,,,,,,,,,,,,,,,,,,,,,,,,,VMLEMTPQR QILVMLEMTPQRGDV,,,
,,,,LQRRVEPTV RTTLQRRVEPTVTIS,,,,,,,,,,,,,,,,,,,,,,,,,,,,,,,,,,,,,IIVEWRAQS QNPIIVEWRAQSESA,,,
,,,,TTGVVSTPL QEETTGVVSTPLIRN,,,,,,,,,,,,,,,,,,,,,,,,,,,,,,,,,,,,,VYQFKGMCY VYQFKGMCYFTNGTE,,,
,,,,LSGIGGFVL MLSGIGGFVLGLIFL,,,,,,,,,,,,,,,,,,,,,,,,,,,,,,,,,,,,,LVTRYIYNR RLVTRYIYNREEYAR,,,
,,,,ALNHHNLLV RTEALNHHNLLVCSV,,,,,,,,,,,,,,,,,,,,,,,,,,,,,,,,,,,,,FVYQFKGMC PEDFVYQFKGMCYFT,,,
,,,,,,,,,,,,,,,,,,,,,,,,,,,,,,,,,,,,,,,,,PIIVEWRAQ HPSLQNPIIVEWRAQ,,,
,,,,,,,,,,,,,,,,,,,,,,,,,,,,,,,,,,,,,,,,,VRLVTRYIY ERVRLVTRYIYNREE,,,
,,,,,,,,,,,,,,,,,,,,,,,,,,,,,,,,,,,,,,,,,VYQFKGMCY EDFVYQFKGMCYFTN,,,
,,,,,,,,,,,,,,,,,,,,,,,,,,,,,,,,,,,,,,,,,FKGMCYFTN YQFKGMCYFTNGTER,,,
,,,,,,,,,,,,,,,,,,,,,,,,,,,,,,,,,,,,,,,,,FDSDVGVYR RFDSDVGVYRAVTPL,,,
,,,,,,,,,,,,,,,,,,,,,,,,,,,,,,,,,,,,,,,,,MLEMTPQRG MLEMTPQRGDVYTCH,,,
,,,,,,,,,,,,,,,,,,,,,,,,,,,,,,,,,,,,,,,,,ERVRLVTRY YFTNGTERVRLVTRY,,,
,,,,,,,,,,,,,,,,,,,,,,,,,,,,,,,,,,,,,,,,,RVRLVTRYI GTERVRLVTRYIYNR,,,
,,,,,,,,,,,,,,,,,,,,,,,,,,,,,,,,,,,,,,,,,TNGTERVRL CYFTNGTERVRLVTR,,,
,,,,,,,,,,,,,,,,,,,,,,,,,,,,,,,,,,,,,,,,,VMLEMTPQR QILVMLEMTPQRGDV,,,
,,,,,,,,,,,,,,,,,,,,,,,,,,,,,,,,,,,,,,,,,IIVEWRAQS QNPIIVEWRAQSESA,,,
