04overlap(N=63),11overlap(N=17),15overlap(N=13),18overlap(N=1),20overlap(N=54),23overlap(N=29),28overlap(N=13),30overlap(N=6),31overlap(N=0),33overlap(N=11),39overlap(N=15),43overlap(N=0),48overlap(N=0),56overlap(N=25),57overlap(N=15),59overlap(N=0),61overlap(N=3),62overlap(N=7),64overlap(N=5),65overlap(N=9),70overlap(N=23),71overlap(N=33),75overlap(N=11),80overlap(N=10),12overlap(N=19),19overlap(N=35),21overlap(N=5),22overlap(N=18),25overlap(N=2),27overlap(N=9),29overlap(N=8),37overlap(N=12),40overlap(N=12),63overlap(N=0),66overlap(N=24),74overlap(N=39),82overlap(N=48),02overlap(N=13),06overlap(N=0),36overlap(N=13),41overlap(N=14),44overlap(N=29),45overlap(N=30),47overlap(N=7),52overlap(N=2),
LGAVITGAV VLLGAVITGAVVAAV,QRKWEAARV QITQRKWEAARVAEQ,FYPAQIKVR VTDFYPAQIKVRWFR,MRYFFTSVS HSMRYFFTSVSRPGR,GLCVESLRR YLEGLCVESLRRYLE,LQRMYGCDL SHTLQRMYGCDLGPD,FYPAQIKVR VTDFYPAQIKVRWFR,MRYFFTSVS SHSMRYFFTSVSRPG,,IGAVVATVM VVVIGAVVATVMCRR,LGTLRGYYN RANLGTLRGYYNQSE,,,TCVDGLRRY LEGTCVDGLRRYLEN,YFYTSVSRP HSMRYFYTSVSRPGR,,SHTLQRMYG EAGSHTLQRMYGCDV,LGAVVTAMM LAVLGAVVTAMMCRR,YSQAACSDS GGSYSQAACSDSAQG,LRAYLEGLC AEQLRAYLEGLCVEW,WALSFYPAE LRCWALSFYPAEITL,YFYTSVSRP SMRYFYTSVSRPGRG,LRKLRGYYN RVNLRKLRGYYNQSE,YFFTSVSRP SMRYFFTSVSRPGRG,VYPAKTQPL EVTVYPAKTQPLQHH,GYVDDTLFV ITVGYVDDTLFVRFD,YFYTSVSRP SMRYFYTSVSRPGRG,RAYLEGRCV QWRAYLEGRCVEWLR,LLRGYNQFA GPDGRLLRGYNQFAY,SHTLQSMYG EAGSHTLQSMYGCDV,FYTAVSRPS SMRYFYTAVSRPSRG,WASVVVPSG TFQKWASVVVPSGQE,YIALNEDLS GKDYIALNEDLSSWT,,YFYTSVSRP HSMRYFYTSVSRPGR,VGYVDDTLF FITVGYVDDTLFVRF,MRYFFTSVS HSMRYFFTSVSRPGR,FGAVITGAV LVLFGAVITGAVVAA,,FYHQEEYVR DRYFYHQEEYVRFDS,FFTSVSRPG SMRYFFTSVSRPGRG,YTAMSRPGR RYFYTAMSRPGRGEP,IGAVVATVM VVVIGAVVATVMCRR,VAAVMWRRK VAAVMWRRKSSDRKG,VQRRVHPKV SFTVQRRVHPKVTVY,
WELSSQPTI KPLTLRWELSSQPTI,YYNQSEDGS LRGYYNQSEDGSHTL,LIIHHRSQK GLGLIIHHRSQKGLL,,YRENLRTAL TQTYRENLRTALRYY,VDNYCRHNY RGRVDNYCRHNYGVV,LGLIIHHRS IFLGLGLIIHHRSQK,FFTSVSRPG HSMRYFFTSVSRPGR,,AVVATVMCR VIGAVVATVMCRRKS,WEAVHAAEQ KRKWEAVHAAEQRRV,,,VGSDGRFLR GCDVGSDGRFLRGYH,FYTSVSRPG SMRYFYTSVSRPGRG,,RAYLEGLCV EQWRAYLEGLCVEWL,MRYFDTAVS HSMRYFDTAVSRPGR,LQRMYGCDL SHTLQRMYGCDLGPD,GLCVEWLRR LRAYLEGLCVEWLRR,VITGAVVAA FGAVITGAVVAAVMW,MRYFYTSVS SHSMRYFYTSVSRPG,LLRGYNQFA DGRLLRGYNQFAYDG,VAAVMWRRK VAAVMWRRKSSDRKG,VYPAKTQPL EVTVYPAKTQPLQHH,TVGYVDDTL RFITVGYVDDTLFVR,FYTSVSRPG MRYFYTSVSRPGRGE,LQRTDAPKT KETLQRTDAPKTHMT,LLRGYNQFA GRLLRGYNQFAYDGK,LQSMYGCDV AGSHTLQSMYGCDVG,YTAVSRPSR YTAVSRPSRGEPHFI,FQKWASVVV DGTFQKWASVVVPSG,FYTAMSRPG MRYFYTAMSRPGRGE,,FYTSVSRPG SMRYFYTSVSRPGRG,YVDDTLFVR RFITVGYVDDTLFVR,FGAVITGAV LVLFGAVITGAVVAA,WALSFYPAE LRCWALSFYPAEITL,,YFYHQEEYV FLDRYFYHQEEYVRF,WELSSQPTI LTLRWELSSQPTIPI,GLCVEWLRR RAYLEGLCVEWLRRY,VVATVMCRR VIGAVVATVMCRRKS,VAAVMWRRK VAAVMWRRKSSDRKG,VVSTGLIHN KTGVVSTGLIHNGDW,
YTQAASSDS KGGSYTQAASSDSAQ,FYPAQIKVR VTDFYPAQIKVRWFR,IIHHRSQKG LGLIIHHRSQKGLLH,,LEGLCVESL RAYLEGLCVESLRRY,LLEQKRGRV QKDLLEQKRGRVDNY,IIHHRSQKG LGLIIHHRSQKGLLH,YFFTSVSRP SMRYFFTSVSRPGRG,,VVATVMCRR IGAVVATVMCRRKSS,WELSSQPTI KPLTLRWELSSQPTI,,,LKEDLRSWT DYIALKEDLRSWTAA,MRYFYTSVS SHSMRYFYTSVSRPG,,WRAYLEGLC AEQWRAYLEGLCVEW,IMGIVAGLA TIPIMGIVAGLAVLV,VQRRVHPKV SFTVQRRVHPKVTVY,VVAVVMCRR LGAVVAVVMCRRKSS,YSQAASSDS GGSYSQAASSDSAQG,FYTSVSRPG MRYFYTSVSRPGRGE,FAYDGKDYI YNQFAYDGKDYIALN,FFTSVSRPG MRYFFTSVSRPGRGE,FYPAQIKVR VTDFYPAQIKVRWFR,VGYVDDTLF FITVGYVDDTLFVRF,MRYFYTSVS HSMRYFYTSVSRPGR,WRAYLEGRC AEQWRAYLEGRCVEW,,YSQAACSDS GGSYSQAACSDSAQG,VVAVVMCRR VLGAVVAVVMCRRKS,VVAAVRWRR AGAVVAAVRWRRKSS,WEAARVAEQ QRKWEAARVAEQLRA,,MRYFYTSVS SHSMRYFYTSVSRPG,YFHTSVSRP SMRYFHTSVSRPGRG,WRFLRGYHQ GSDWRFLRGYHQYAY,WEAAHVAEQ KHKWEAAHVAEQLRA,,FYPAQIKVR VTDFYPAQIKVRWFR,MRYFFTSVS SHSMRYFFTSVSRPG,FYTAMSRPG SMRYFYTAMSRPGRG,WEPSSQSTI TLRWEPSSQSTIPIV,AVMWRRKSS AAVMWRRKSSDRKGG,,
LSSQPTIPI TLRWELSSQPTIPIV,MLSGIGGFV QSKMLSGIGGFVLGL,YQLELRTTL RHNYQLELRTTLQRR,,IQRMYGCDV SHIIQRMYGCDVGPD,VRYLDRYFH TERVRYLDRYFHNQE,YQLELRTTL RHNYQLELRTTLQRR,FTSVSRPGR MRYFFTSVSRPGRGE,,VIGAVVATV AVVVIGAVVATVMCR,IQIMYGCDV DGSHTIQIMYGCDVG,,,YIALKEDLR GKDYIALKEDLRSWT,YYNQSEDGS LRGYYNQSEDGSHTI,,,QRKLEAARA QITQRKLEAARAAEQ,VVSTGLIHN KTGVVSTGLIHNGDW,AQTDRVSLR KRQAQTDRVSLRNLR,FGAVITGAV LVLFGAVITGAVVAA,RYFYTSVSR SMRYFYTSVSRPGRG,YVTRYIYNR RVRYVTRYIYNREEY,MRYFFTSVS SHSMRYFFTSVSRPG,LRTTLQRRV NYQLELRTTLQRRVE,VGYVDDTLF FITVGYVDDTLFVRF,YFYTSVSRP SMRYFYTSVSRPGRG,TLRCWALSF EATLRCWALSFYPAE,,LVTRYIYNR RLVTRYIYNREEYAR,YKRQAQTDR TQKYKRQAQTDRVNL,FQKWASVVV DGTFQKWASVVVPSG,MRYFYTAMS HSMRYFYTAMSRPGR,,GRCVEWLRR AYLEGRCVEWLRRYL,PRFITVGYV PRFITVGYVDDTLFV,YFFTSVSRP SMRYFFTSVSRPGRG,WRFLRGYHQ GSDWRFLRGYHQYAY,,LIIHHRSQK GLGLIIHHRSQKGLL,LRWELSSQP PLTLRWELSSQPTIP,MRYFYTAMS SHSMRYFYTAMSRPG,VVATVMCRR IGAVVATVMCRRKSS,LLRGHNQYA GRLLRGHNQYAYDGK,,
YRESLRNLR TQTYRESLRNLRGYY,CSVTDFYPA LLVCSVTDFYPAQIK,LGLIIHHRS LGLGLIIHHRSQKGL,,FVRFDSDAT TLFVRFDSDATSPRK,YCRHNYGVV VDNYCRHNYGVVESF,AQIKVRWFR FYPAQIKVRWFRNDQ,YRAVTPQGR GVYRAVTPQGRPDAE,,TVMCRRKSS TVMCRRKSSGGKGGS,LGAVITGAV VLLGAVITGAVVAAV,,,YYNQSEAGS ALRYYNQSEAGSHTL,GRCVEWLRR AYLEGRCVEWLRRYL,,,YFDTAVSRP SMRYFDTAVSRPGRG,FTVQRRVHP VESFTVQRRVHPKVT,LRGYDQYAY GRLLRGYDQYAYDGK,YIALKEDLR GKDYIALKEDLRSWT,YTSVSRPGR RYFYTSVSRPGRGEP,VMLEMTPQH QILVMLEMTPQHGDV,FFTSVSRPG SMRYFFTSVSRPGRG,LGLIIHHRS IFLGLGLIIHHRSQK,YVDDTLFVR RFITVGYVDDTLFVR,MRYFYTSVS HSMRYFYTSVSRPGR,LSFYPAEIT CWALSFYPAEITLTW,,RVRLVTRYI GTERVRLVTRYIYNR,SHTLQRMYG EAGSHTLQRMYGCDL,MAAQITQRK MAAQITQRKWEAARV,YFYTAMSRP SMRYFYTAMSRPGRG,,CVEWLRRYL GRCVEWLRRYLENGK,YFHTSVSRP HSMRYFHTSVSRPGR,YIALKEDLR GKDYIALKEDLRSWT,YIALKEDLR GKDYIALKEDLRSWT,,VYQFKGMCY EDFVYQFKGMCYFTN,LSSQPTIPI RWELSSQPTIPIVGI,RYFYTAMSR SMRYFYTAMSRPGRG,ATVMCRRKS VATVMCRRKSSGGKG,LLRGHNQYA GRLLRGHNQYAYDGK,,
IFKTNTQTY TQIFKTNTQTYRESL,SKMLSGIGG SAQSKMLSGIGGFVL,FYPAQIKVR VTDFYPAQIKVRWFR,,FYTAMSRPG SMRYFYTAMSRPGRG,FRAVTLLGL VGEFRAVTLLGLPAA,LRTTLQRRV NYQLELRTTLQRRVE,VYRAVTPQG VGVYRAVTPQGRPDA,,VATVMCRRK VATVMCRRKSSGGKG,RVYLEGRCV RRVYLEGRCVDGLRR,,,DGRFLRGYH DVGSDGRFLRGYHQY,CVEWLRRYL GRCVEWLRRYLENGK,,,FDTAVSRPG MRYFDTAVSRPGRGE,,AVVMCRRKS VAVVMCRRKSSGGKG,TLRWEPSSQ KPLTLRWEPSSQPTI,FYTSVSRPG MRYFYTSVSRPGRGE,FKAMCYFTN DFVYQFKAMCYFTNG,YFDTAVSRP SMRYFDTAVSRPGRG,LVCSVTDFY NLLVCSVTDFYPAQI,TAADKAAQI RSWTAADKAAQITQR,,WALSFYPAE LRCWALSFYPAEITL,,CYFTNGTER QFKGMCYFTNGTERV,VVAVVMCRR LGAVVAVVMCRRKSS,AVRWRRKSS AAVRWRRKSSDRKGG,RYFYTAMSR HSMRYFYTAMSRPGR,,YTSVSRPGR SMRYFYTSVSRPGRG,MRYFHTSVS SHSMRYFHTSVSRPG,FFTSVSRPG MRYFFTSVSRPGRGE,TLRWEPSSQ KPLTLRWEPSSQPTI,,YRAVTPLGP VGVYRAVTPLGPPAA,PLTLRWELS LPKPLTLRWELSSQP,LRAYLEGLC AEQLRAYLEGLCVEW,FLEYSTSEC RPRFLEYSTSECHFF,FDSDVGVYR YARFDSDVGVYRAVT,,
YRESLRNLR TQTYRESLRNLRGYY,VTDFYPAQI LVCSVTDFYPAQIKV,LGLIIHHRS IFLGLGLIIHHRSQK,,MRYFYTAMS SHSMRYFYTAMSRPG,RVRLVSRSI GTERVRLVSRSIYNR,LVCSVTDFY NLLVCSVTDFYPAQI,,,ATVMCRRKS ATVMCRRKSSGGKGG,VHAAEQRRV KWEAVHAAEQRRVYL,,,YIALKEDLR KDYIALKEDLRSWTA,YTSVSRPGR SMRYFYTSVSRPGRG,,,MRYFDTAVS SHSMRYFDTAVSRPG,,LLRGYDQYA DGRLLRGYDQYAYDG,LRCWALSFY HEATLRCWALSFYPA,MRYFYTSVS GSHSMRYFYTSVSRP,RVRYVTRYI GTERVRYVTRYIYNR,RFISVGYVD EPRFISVGYVDDTQF,IIHHRSQKG LGLIIHHRSQKGLLH,LRSWTAADK DLRSWTAADKAAQIT,,IAGAVVAAV GAVIAGAVVAAVMWR,,VRLVTRYIY VRLVTRYIYNREEYA,FYTAVSRPS MRYFYTAVSRPSRGE,VAAVRWRRK VAAVRWRRKSSDRKG,YTAMSRPGR SMRYFYTAMSRPGRG,,YIALNEDLS GKDYIALNEDLSSWT,VVAVVMCRR LGAVVAVVMCRRKSS,FFTSVSRPG SMRYFFTSVSRPGRG,VITGAVVAA FGAVITGAVVAAVMW,,FKGMCYFTN YQFKGMCYFTNGTER,TLRWELSSQ PKPLTLRWELSSQPT,FYTAMSRPG MRYFYTAMSRPGRGE,YSTSECHFF FLEYSTSECHFFNGT,FDSDVGVYR YARFDSDVGVYRAVT,,
FKTNTQTYR TQIFKTNTQTYRESL,GLGLIIHHR IFLGLGLIIHHRSQK,IIHHRSQKG LGLIIHHRSQKGLLH,,EVTLRCWAL DHEVTLRCWALGFYP,EFRAVTLLG DVGEFRAVTLLGLPA,FYPAQIKVR VTDFYPAQIKVRWFR,,,IFLGLGLII LGLIFLGLGLIIRQR,YTQAASSDS KGGSYTQAASSDSAQ,,,RENLRIALR AHSQTDRENLRIALR,IQRMYGCDV SHIIQRMYGCDVGPD,,,,,VVAVVMCRR LGAVVAVVMCRRKSS,CWALSFYPA TLRCWALSFYPAEIT,RVSLRNLRG QADRVSLRNLRGYYN,FVYQFKAMC EDFVYQFKAMCYFTN,MRYFDTAVS SHSMRYFDTAVSRPG,YQLELRTTL RHNYQLELRTTLQRR,NEDLRSWTA IALNEDLRSWTAADK,,YFYTSVSRP SMRYFYTSVSRPGRG,,YARFDSDVG REEYARFDSDVGVYR,YTAVSRPSR RYFYTAVSRPSRGEP,FLEYSTSEC RPRFLEYSTSECHFF,IALNEDLSS KDYIALNEDLSSWTA,,NEDLSSWTA IALNEDLSSWTAADT,ALGFYPTEI LRCWALGFYPTEITL,VQRMYGCDV GSHTVQRMYGCDVGS,LKEDLRSWT DYIALKEDLRSWTAA,,RVRLVTRYI GTERVRLVTRYIYNR,YTQAASSDS GGSYTQAASSDSAQG,LCVEWLRRY YLEGLCVEWLRRYLE,FRAVTELGR VGEFRAVTELGRPDA,,,
IFKTNTQTY NTQIFKTNTQTYRES,LGLIIHHRS FLGLGLIIHHRSQKG,YQLELRTTL RHNYQLELRTTLQRR,,PRFITVGYV PRFITVGYVDDTLFV,YNREEIVRF SRSIYNREEIVRFDS,YQLELRTTL HNYQLELRTTLQRRV,,,VGGFVLGLI MLSGVGGFVLGLIFL,LSSQPTIPI TLRWELSSQPTIPIV,,,YHQYAYDGK LRGYHQYAYDGKDYI,YNQSEAGSH YNQSEAGSHIIQRMY,,,,,YRAVTPQGR VGVYRAVTPQGRPVA,TLRCWALSF SDHEATLRCWALSFY,LGAVVTAMM LAVLGAVVTAMMCRR,FDSDVEVYR YARFDSDVEVYRAVT,PRFISVGYV RGEPRFISVGYVDDT,FYPAQIKVR VTDFYPAQIKVRWFR,LTLRWGPSS PEPLTLRWGPSSQPT,,YLEGRCVEW WRAYLEGRCVEWLRR,,RVRLVTRYI GTERVRLVTRYIYNR,,YGVVESFTV RHNYGVVESFTVQRR,LCVEWLRRY LEGLCVEWLRRYLEN,,LQRADPPKT KETLQRADPPKTHVT,FYPTEITLT ALGFYPTEITLTWQR,HRVDLGTLR QTHRVDLGTLRGYYN,VGSDWRFLR GCDVGSDWRFLRGYH,,YIYNREEYA LVTRYIYNREEYARF,MRYFFTSVS HSMRYFFTSVSRPGR,MRYFYTAMS SHSMRYFYTAMSRPG,FFNGTERVR ECHFFNGTERVRFLD,,,
MVAVVMCRR LGAMVAVVMCRRKSS,IIHHRSQKG LGLIIHHRSQKGLLH,AQIKVRWFR FYPAQIKVRWFRNDQ,,FYTAMSRPG MRYFYTAMSRPGRGE,AGVVSTPLI EETAGVVSTPLIRNG,LRTTLQRRV NYQLELRTTLQRRVE,,,VLGLIFLGL GVGGFVLGLIFLGLG,LGTLRGYYN RANLGTLRGYYNQSE,,,ENLRIALRY HSQTDRENLRIALRY,SLRNLRGYY DRVSLRNLRGYYNQS,,,,,,RCWALSFYP ATLRCWALSFYPAEI,MRYFDTAVS HSMRYFDTAVSRPGR,VMLEMTPQH QILVMLEMTPQHGDV,MRYFDTAVS SHSMRYFDTAVSRPG,MLSGIGGFV QSKMLSGIGGFVLGL,MRYFYTAVS CSHSMRYFYTAVSRP,,RCWALSFYP ATLRCWALSFYPAEI,,,,RFLEYSTSE DTRPRFLEYSTSECH,LRKLRGYYN RVNLRKLRGYYNQSE,,LSSWTAADT NEDLSSWTAADTAAQ,FYTAVSRPS MRYFYTAVSRPSRGE,DWRFLRGYH VGSDWRFLRGYHQYA,VKAHSQTHR TRKVKAHSQTHRVDL,,IIHHRSQKG LGLIIHHRSQKGLLH,LRWELSSQP PLTLRWELSSQPTIP,YTAMSRPGR RYFYTAMSRPGRGEP,FNGTERVRF CHFFNGTERVRFLDR,,,
LRKLRGYYN DRVNLRKLRGYYNQS,YQLELRTTL RHNYQLELRTTLQRR,CRHNYQLEL TVCRHNYQLELRTTL,,YRENLRTAL TQTYRENLRTALRYY,VGEFRAVTL DSDVGEFRAVTLLGL,LGLIIHHRS IFLGLGLIIHHRSQK,,,ILQRRVEPT RGILQRRVEPTVTIS,MAAQITKRK AADMAAQITKRKWEA,,,LQMMFGCDV GSHTLQMMFGCDVGS,FFNGTERVR FFNGTERVRFLDRYF,,,,,,FGAVITGAV LVLFGAVITGAVVAA,IMGIVAGLA TIPIMGIVAGLAVLV,VRYVTRYIY GTERVRYVTRYIYNR,,LIIHHRSQK GLGLIIHHRSQKGLL,YLENGKKTL LRRYLENGKKTLQRA,,GRCVEWLRR RAYLEGRCVEWLRRY,,,,FLEYSTSEC RPRFLEYSTSECHFF,AQADRVNLR KRQAQADRVNLRKLR,,IALNEDLSS KDYIALNEDLSSWTA,YFYTAVSRP SMRYFYTAVSRPSRG,RAYLEGTCV QLRAYLEGTCVEWLR,VAEQLRAYL WEAAHVAEQLRAYLE,,YQLELRTTL RHNYQLELRTTLQRR,LSSQPTIPI RWELSSQPTIPIVGI,GLCVEWLRR LRAYLEGLCVEWLRR,FRAVTELGR VGEFRAVTELGRPDA,,,
MRYFSTSVS SHSMRYFSTSVSWPG,LQRRVEPTV RTTLQRRVEPTVTIS,LRTTLQRRV NYQLELRTTLQRRVE,,LEGLCVESL RAYLEGLCVESLRRY,LLGLPAAEY RAVTLLGLPAAEYWN,AQIKVRWFR YPAQIKVRWFRNDQE,,,,GRFLRGYRQ GPDGRFLRGYRQDAY,,,WRRNSSDRK VMWRRNSSDRKGGSY,FNGTERVRF CHFFNGTERVRFLDR,,,,,,LSFYPAEIT LRCWALSFYPAEITL,QRKLEAARA QITQRKLEAARAAEQ,,,VTDFYPAQI LVCSVTDFYPAQIKV,FYTAVSRPG MRYFYTAVSRPGRGE,,FYTSVSRPG FYTSVSRPGRGEPRF,,,,YGVVESFTV CRHNYGVVESFTVQR,DRVNLRKLR AQADRVNLRKLRGYY,,AVMAVVMCR VLGAVMAVVMCRRKS,LGFYPTEIT LRCWALGFYPTEITL,YIALKEDLR KDYIALKEDLRSWTA,HRVDLGTLR SQTHRVDLGTLRGYY,,VRLVTRYIY VRLVTRYIYNREEYA,TLRWELSSQ KPLTLRWELSSQPTI,VVMCRRKSS VVMCRRKSSGGKGGS,YEVGYRGIL RHNYEVGYRGILQRR,,,
WKPSSQPTI TLRWKPSSQPTIPIV,LSGIGGFVL MLSGIGGFVLGLIFL,LVCSVTDFY NLLVCSVTDFYPAQI,,TVGYVDDTL RFITVGYVDDTLFVR,TAGVVSTPL QEETAGVVSTPLIRN,GLGLIIHHR LGLIFLGLGLIIHHR,,,,KTGVVSTGL QEEKTGVVSTGLIHN,,,VAEQQRAYL AAHVAEQQRAYLEGT,YARFDSDVG REEYARFDSDVGVYR,,,,,,YIALKEDLR GKDYIALKEDLRSWT,YFDTAVSRP SMRYFDTAVSRPGRG,,,LGLGLIIHH LGLIFLGLGLIIHHR,LRWGPSSQP PLTLRWGPSSQPTIP,,FGAVIAGAV LVLFGAVIAGAVVAA,,,,,,,VMAVVMCRR LGAVMAVVMCRRKSS,VVAVVMCRR LGAVVAVVMCRRKSS,KHKWEAAHV QTTKHKWEAAHVAEQ,YIALKEDLR GKDYIALKEDLRSWT,,LGLIIHHRS LGLGLIIHHRSQKGL,YFFTSVSRP SMRYFFTSVSRPGRG,LQRAEHPKT KETLQRAEHPKTHVT,FYPGQIKVQ VTDFYPGQIKVQWFR,,,
SMRYFSTSV GSHSMRYFSTSVSWP,LIFLGLGLI VLGLIFLGLGLIIHH,,,YTAMSRPGR YTAMSRPGRGEPRFI,VRLVSRSIY ERVRLVSRSIYNREE,,,,,VQRRVHPKV SFTVQRRVHPKVTVY,,,NLRIALRYY SQTDRENLRIALRYY,IIRQRSQKG LGLIIRQRSQKGLLH,,,,,,YSQAASSDS GGSYSQAASSDSAQG,FDTAVSRPG MRYFDTAVSRPGRGE,,,LSGIGGFVL SKMLSGIGGFVLGLI,TLRWGPSSQ EPLTLRWGPSSQPTI,,FQKWASVVV DGTFQKWASVVVPSG,,,,,,,LAVLGAVMA LAVLAVLGAVMAVVM,FYPTEITLT ALGFYPTEITLTWQR,AHVAEQLRA HKWEAAHVAEQLRAY,,,,FFTSVSRPG MRYFFTSVSRPGRGE,KTHVTHHPV EHPKTHVTHHPVSDH,YWNSQKEVL VAEYWNSQKEVLERT,,,
VLAVLGAMV VLAVLAVLGAMVAVV,LRTTLQRRV QLELRTTLQRRVEPT,,,IQRMYGCDV SHIIQRMYGCDVGPD,EFRAVTLLG EFRAVTLLGLPAAEY,,,,,VQRRVHPKV SFTVQRRVHPKVTVY,,,RYFSTSVSR HSMRYFSTSVSRPGR,LIIRQRSQK GLGLIIRQRSQKGLL,,,,,,YLENGKKTL LRRYLENGKKTLQRA,LAVLVVLAV VAGLAVLVVLAVLGA,,,IIHHRSQKG LGLIIHHRSQKGLLH,FVQFDSDAA DTQFVQFDSDAASPR,,YFHTAMSRP HSMRYFHTAMSRPGR,,,,,,,VVMCRRKSS VMAVVMCRRKSSGGK,FYTAVSRPS MRYFYTAVSRPSRGE,MAAQTTKHK AADMAAQTTKHKWEA,,,,,LQRAEHPKT KETLQRAEHPKTHVT,RVRLVTRYI GTERVRLVTRYIYNR,,,
FSTSVSWPG HSMRYFSTSVSWPGR,IIHHRSQKG LGLIIHHRSQKGLLH,,,FVRFDSDAT DTLFVRFDSDATSPR,FRAVTLLGL VGEFRAVTLLGLPAA,,,,,,,,MRYFSTSVS SHSMRYFSTSVSRPG,,,,,,,FLEYSTSEC RPRFLEYSTSECHFF,IMGIVAGLA TIPIMGIVAGLAVLV,,,YQLELRTTL RHNYQLELRTTLQRR,WTAADKAAQ LRSWTAADKAAQITQ,,LRNLRGYYN YRESLRNLRGYYNQS,,,,,,,VMAVVMCRR LGAVMAVVMCRRKSS,YFYTAVSRP SMRYFYTAVSRPSRG,MRYFFTSVS GSHSMRYFFTSVSRP,,,,,GLAVLAVLA VAGLAVLAVLAVLGA,YIYNREEYA LVTRYIYNREEYARF,,,
LQRMFGCDL DGSHTLQRMFGCDLG,LRTTLQRRV HNYQLELRTTLQRRV,,,GYVDDTLFV ITVGYVDDTLFVRFD,LVSRSIYNR RLVSRSIYNREEIVR,,,,,,,,LKEDLRSWT IALKEDLRSWTAADM,,,,,,,RFLEYSTSE DTRPRFLEYSTSECH,IVAGLAVLV IMGIVAGLAVLVVLA,,,VYQFKGMCY EDFVYQFKGMCYFTN,YKRQAQTDR TQKYKRQAQTDRVNL,,MRYFHTAMS SHSMRYFHTAMSRPG,,,,,,,FFNGTERVR FFNGTERVRFLDRYF,MRYFYTAVS HSMRYFYTAVSRPSR,FTSVSRPGR FTSVSRPGRGEPRFI,,,,,LVTRYIYNR RLVTRYIYNREEYAR,IIRQRSQKG LGLIIRQRSQKGLLH,,,
MVAVVMCRR LGAMVAVVMCRRKSS,,,,VGYVDDTLF FITVGYVDDTLFVRF,RVRLVSRSI GTERVRLVSRSIYNR,,,,,,,,VGSDGRFLR CDVGSDGRFLRGYHQ,,,,,,,YFYNQEEYV LDRYFYNQEEYVRFD,FDTAVSRPG MRYFDTAVSRPGRGE,,,LRTTLQRRV HNYQLELRTTLQRRV,LQRMYGCDL SHTLQRMYGCDLGPD,,YRESLRNLR TQTYRESLRNLRGYY,,,,,,,FNGTERVRF CHFFNGTERVRFLDR,FLEYSTSEC RPRFLEYSTSECHFF,WEAAHVAEQ KHKWEAAHVAEQLRA,,,,,FDSDVGVYR YARFDSDVGVYRAVT,YNREEYARF RYIYNREEYARFDSD,,,
AQADRVNLR KRQAQADRVNLRKLR,,,,LRTALRYYN RENLRTALRYYNQSE,IYNREEIVR SRSIYNREEIVRFDS,,,,,,,,AVMWRRNSS VAAVMWRRNSSDRKG,,,,,,,FYNQEEYVR DRYFYNQEEYVRFDS,RVSLRNLRG QADRVSLRNLRGYYN,,,LGLIIHHRS LGLGLIIHHRSQKGL,WGPSSQPTI TLRWGPSSQPTIPIV,,,,,,,,,TVCRHNYQL LDTVCRHNYQLELRT,KTGVVSTGL QEEKTGVVSTGLIHN,LRGYHQYAY LRGYHQYAYDGKDYI,,,,,RVRLVTRYI GTERVRLVTRYIYNR,VRLVTRYIY VRLVTRYIYNREEYA,,,
DRVNLRKLR AQADRVNLRKLRGYY,,,,YNQSEAGSH YNQSEAGSHIIQRMY,VTLLGLPAA FRAVTLLGLPAAEYW,,,,,,,,KRKWEAAHV TKRKWEAAHVAEQQR,,,,,,,YFYNQEEYV FLDRYFYNQEEYVRF,QRYTCHMQH QEQRYTCHMQHEGLQ,,,,LRRYLENGK VEWLRRYLENGKKTL,,,,,,,,,YIYNREEYA VTRYIYNREEYARFD,FLEDRRAAV QKDFLEDRRAAVDTY,VKAHSQTHR TRKVKAHSQTHRVDL,,,,,CYFTNGTER QFKGMCYFTNGTERV,LVTRYIYNR LVTRYIYNREEYARF,,,
FNGTERVRL CHFFNGTERVRLLER,,,,GLCVESLRR LEGLCVESLRRYLEN,RAAVDRVCR LERKRAAVDRVCRHN,,,,,,,,FLRGYHQYA GSDGRFLRGYHQYAY,,,,,,,SFTVQRRVH VGESFTVQRRVHPKV,AMMCRRKSS TAMMCRRKSSGGKGG,,,,YLENGKKTL LRRYLENGKKTLQRA,,,,,,,,,VLERTRAEL QKEVLERTRAELDTV,YSTSECHFF FLEYSTSECHFFNGT,WRFLRGYHQ GSDWRFLRGYHQYAY,,,,,VRLVTRYIY VRLVTRYIYNREEYA,IYNREEYAR RYIYNREEYARFDSD,,,
PRFLWQLKF TRPRFLWQLKFECHF,,,,MRYFYTAMS GSHSMRYFYTAMSRP,KDILERKRA YWNSQKDILERKRAA,,,,,,,,YFSTSVSRP SMRYFSTSVSRPGRG,,,,,,,VTVYPSKTQ HPKVTVYPSKTQPLQ,TQRKLEAAR AQITQRKLEAARAAE,,,,FYTAVSRPG MRYFYTAVSRPGRGE,,,,,,,,,LERTRAELD KEVLERTRAELDTVC,VQRRVHPKV SFTVQRRVHPKVTVY,HKWEAAHVA TKHKWEAAHVAEQLR,,,,,VMLEMTPQR QILVMLEMTPQRGDV,LIIRQRSQK GLGLIIRQRSQKGLL,,,
YNQEESVRF ERCIYNQEESVRFDS,,,,FYTAVSRPG SMRYFYTAVSRPGRG,ILERKRAAV QKDILERKRAAVDRV,,,,,,,,GTCVDGLRR RAYLEGTCVDGLRRY,,,,,,,VQRRVHPKV SFTVQRRVHPKVTVY,KTHVTHHPL EPPKTHVTHHPLSDH,,,,LRSWTAADK DLRSWTAADKAAQIT,,,,,,,,,TTGVVSTPL QEETTGVVSTPLIRN,VTVYPSKTQ HPKVTVYPSKTQPLQ,LKEDLRSWT IALKEDLRSWTAADM,,,,,LVTRYIYNR RLVTRYIYNREEYAR,RVRLVTRYI GTERVRLVTRYIYNR,,,
RVRLLERCI GTERVRLLERCIYNQ,,,,MRYFYTAVS SHSMRYFYTAVSRPG,FDSDVGEFR IVRFDSDVGEFRAVT,,,,,,,,YRAVTELGR VGEYRAVTELGRPDA,,,,,,,,PRFISVGYV RGEPRFISVGYVDDT,,,,LQRMYGCDL AGSHTLQRMYGCDLG,,,,,,,,,AELDTVCRH RTRAELDTVCRHNYQ,VQRRVHPKV SFTVQRRVHPKVTVY,FLRGYHQYA RFLRGYHQYAYDGKD,,,,,VRLVTRYIY ERVRLVTRYIYNREE,VTRYIYNRE RLVTRYIYNREEYAR,,,
FLWQLKFEC RPRFLWQLKFECHFF,,,,MRYFYTAVS CSHSMRYFYTAVSRP,YWNSQKDIL AEYWNSQKDILERKR,,,,,,,,ESFTVQRRV HNYGVGESFTVQRRV,,,,,,,,VVLAVLGAV AVLVVLAVLGAVVTA,,,,WTAADKAAQ LRSWTAADKAAQITQ,,,,,,,,,,FKAMCYFTN YQFKAMCYFTNGTER,FGAVITGAV VLFGAVITGAVVAAV,,,,,MLEMTPQRG MLEMTPQRGDVYTCH,YIYNREEYA VTRYIYNREEYARFD,,,
WQLKFECHF PRFLWQLKFECHFFN,,,,FYTAVSRPG MRYFYTAVSRPGRGE,IVRFDSDVG REEIVRFDSDVGEFR,,,,,,,,,,,,,,,,VVTAMMCRR LGAVVTAMMCRRKSS,,,,FVQFDSDAA TQFVQFDSDAASPRG,,,,,,,,,,YVTRYIYNR VRYVTRYIYNREEYA,KAHSQTHRV RKVKAHSQTHRVDLG,,,,,ERVRLVTRY YFTNGTERVRLVTRY,VLERTRAEL QKEVLERTRAELDTV,,,
LKFECHFFN FLWQLKFECHFFNGT,,,,VYPAKTQPL EVTVYPAKTQPLQHH,RVCRHNYQL AVDRVCRHNYQLELR,,,,,,,,,,,,,,,,MRYFDTAVS HSMRYFDTAVSRPGR,,,,YFYTAVSRP SMRYFYTAVSRPGRG,,,,,,,,,,VMLEMTPQH QILVMLEMTPQHGDV,VGSDWRFLR YGCDVGSDWRFLRGY,,,,,RVRLVTRYI GTERVRLVTRYIYNR,IIRQRSQKG LGLIIRQRSQKGLLH,,,
FNGTERVRL CHFFNGTERVRLLER,,,,VYPAKTQPL EVTVYPAKTQPLQHH,VDRVCRHNY RAAVDRVCRHNYQLE,,,,,,,,,,,,,,,,MMCRRKSSG MMCRRKSSGGKGGSC,,,,KTGVVSTGL QEEKTGVVSTGLIHN,,,,,,,,,,FVYQFKAMC RDSPEDFVYQFKAMC,VRFLDRYFH TERVRFLDRYFHNQE,,,,,TNGTERVRL CYFTNGTERVRLVTR,VGYRGILQR RHNYEVGYRGILQRR,,,
VRLLERCIY TERVRLLERCIYNQE,,,,FYPAQIKVR VTDFYPAQIKVRWFR,LLGLPAAEY AVTLLGLPAAEYWNS,,,,,,,,,,,,,,,,DRVSLRNLR KRQAQADRVSLRNLR,,,,FRNGQEEKT VRWFRNGQEEKTGVV,,,,,,,,,,RVRYVTRYI GTERVRYVTRYIYNR,FRAVTELGR VGEFRAVTELGRPDA,,,,,VMLEMTPQR QILVMLEMTPQRGDV,VRLVTRYIY VRLVTRYIYNREEYA,,,
YNQEESVRF RCIYNQEESVRFDSD,,,,GLGLIIHHR IFLGLGLIIHHRSQK,,,,,,,,,,,,,,,,,VTAMMCRRK VTAMMCRRKSSGGKG,,,,VQRRVHPKV SFTVQRRVHPKVTVY,,,,,,,,,,VYQFKAMCY EDFVYQFKAMCYFTN,VRFLDRYFH GTERVRFLDRYFHNQ,,,,,,QIKVQWFRN FYPGQIKVQWFRNDQ,,,
IYNQEESVR ERCIYNQEESVRFDS,,,,LGLIIHHRS FLGLGLIIHHRSQKG,,,,,,,,,,,,,,,,,LGAVVTAMM VLAVLGAVVTAMMCR,,,,VVSTGLIHN KTGVVSTGLIHNGDW,,,,,,,,,,EVYRAVTPL RFDSDVEVYRAVTPL,FRAVTELGR VGEFRAVTELGRPDA,,,,,,,,,
CIYNQEESV LERCIYNQEESVRFD,,,,IIHHRSQKG LGLIIHHRSQKGLLH,,,,,,,,,,,,,,,,,AAQITQRKL TAAQITQRKLEAARA,,,,KTGVVSTGL QEEKTGVVSTGLIHN,,,,,,,,,,FKAMCYFTN YQFKAMCYFTNGTER,YFHNQEENV FLDRYFHNQEENVRF,,,,,,,,,
LLEQRRAAV QKDLLEQRRAAVDTY,,,,YQLELRTTL RHNYQLELRTTLQRR,,,,,,,,,,,,,,,,,ITQRKLEAA AAQITQRKLEAARAA,,,,VQRRVHPKV SFTVQRRVHPKVTVY,,,,,,,,,,AMCYFTNGT QFKAMCYFTNGTERV,ILEDERAAV QKDILEDERAAVDTY,,,,,,,,,
FYPSQIKVR VTDFYPSQIKVRWFR,,,,MLSGIGGFV QSKMLSGIGGFVLGL,,,,,,,,,,,,,,,,,,,,,YIYNREEYA VTRYIYNREEYARFD,,,,,,,,,,YVTRYIYNR RYVTRYIYNREEYAR,FDSDVGEFR NVRFDSDVGEFRAVT,,,,,,,,,
YVRFDSDVG REEYVRFDSDVGVYR,,,,GLGLIIHHR IFLGLGLIIHHRSQK,,,,,,,,,,,,,,,,,,,,,YNREEYARF RYIYNREEYARFDSD,,,,,,,,,,VMLEMTPQH QILVMLEMTPQHGDV,RVRLVTRHI GTERVRLVTRHIYNR,,,,,,,,,
VRGVTRHIY TERVRGVTRHIYNRE,,,,NYQLELRTT DTVCRHNYQLELRTT,,,,,,,,,,,,,,,,,,,,,,,,,,,,,,,FVYQFKAMC RDSPEDFVYQFKAMC,IIRQRSQKG LGLIIRQRSQKGLLH,,,,,,,,,
ICSVTDFYP NLLICSVTDFYPSQI,,,,YIYNREEYA VTRYIYNREEYARFD,,,,,,,,,,,,,,,,,,,,,,,,,,,,,,,VRYVTRYIY ERVRYVTRYIYNREE,LGLGLIIRQ LIFLGLGLIIRQRSQ,,,,,,,,,
YRGILQRRV NYEVAYRGILQRRVE,,,,YQLELRTTL RHNYQLELRTTLQRR,,,,,,,,,,,,,,,,,,,,,,,,,,,,,,,RVRYVTRYI GTERVRYVTRYIYNR,LGLIIRQRS FLGLGLIIRQRSQKG,,,,,,,,,
LGLIIRQRS LIFLGLGLIIRQRSR,,,,TVCRHNYQL LDTVCRHNYQLELRT,,,,,,,,,,,,,,,,,,,,,,,,,,,,,,,VYQFKAMCY EDFVYQFKAMCYFTN,RVRLVTRHI GTERVRLVTRHIYNR,,,,,,,,,
FDSDVGVYR YVRFDSDVGVYRAVT,,,,LIFLGLGLI VLGLIFLGLGLIIHH,,,,,,,,,,,,,,,,,,,,,,,,,,,,,,,,GLGLIIRQR LGLIFLGLGLIIRQR,,,,,,,,,
VYQFKGLCY EDFVYQFKGLCYFTN,,,,LRTTLQRRV QLELRTTLQRRVEPT,,,,,,,,,,,,,,,,,,,,,,,,,,,,,,,,VTDFYPGQI LVCSVTDFYPGQIKV,,,,,,,,,
LCYFTNGTE YQFKGLCYFTNGTER,,,,HNLLVCSVT HNLLVCSVTDFYPAQ,,,,,,,,,,,,,,,,,,,,,,,,,,,,,,,,VTRHIYNRE RLVTRHIYNREEYAR,,,,,,,,,
CRHNYEVAY DRVCRHNYEVAYRGI,,,,VLERTRAEL QKEVLERTRAELDTV,,,,,,,,,,,,,,,,,,,,,,,,,,,,,,,,LGLIIRQRS IFLGLGLIIRQRSQK,,,,,,,,,
RVRGVTRHI GTERVRGVTRHIYNR,,,,LERTRAELD KEVLERTRAELDTVC,,,,,,,,,,,,,,,,,,,,,,,,,,,,,,,,VRLVTRHIY VRLVTRHIYNREEYA,,,,,,,,,
HHNLLICSV ALNHHNLLICSVTDF,,,,FYPAQIKVR VTDFYPAQIKVRWFR,,,,,,,,,,,,,,,,,,,,,,,,,,,,,,,,IYNREEYAR VTRHIYNREEYARFD,,,,,,,,,
YEVAYRGIL RHNYEVAYRGILQRR,,,,CSVTDFYPA LLVCSVTDFYPAQIK,,,,,,,,,,,,,,,,,,,,,,,,,,,,,,,,LIIRQRSQK FLGLGLIIRQRSQKG,,,,,,,,,
ALNHHNLLI RTEALNHHNLLICSV,,,,SKMLSGIGG SAQSKMLSGIGGFVL,,,,,,,,,,,,,,,,,,,,,,,,,,,,,,,,IIRQRSQKG LGLIIRQRSQKGLLH,,,,,,,,,
IIRQRSRKG LGLIIRQRSRKGLLH,,,,VTDFYPAQI LVCSVTDFYPAQIKV,,,,,,,,,,,,,,,,,,,,,,,,,,,,,,,,ILQRRVEPT RGILQRRVEPTVTIS,,,,,,,,,
YWNSQKEVL VAEYWNSQKEVLEGA,,,,LGLIIHHRS FLGLGLIIHHRSQKG,,,,,,,,,,,,,,,,,,,,,,,,,,,,,,,,,,,,,,,,,
YRAVTPQGR VGVYRAVTPQGRPVA,,,,IIHHRSQKG LGLIIHHRSQKGLLH,,,,,,,,,,,,,,,,,,,,,,,,,,,,,,,,,,,,,,,,,
VLEGARASV QKEVLEGARASVDRV,,,,LQRRVEPTV RTTLQRRVEPTVTIS,,,,,,,,,,,,,,,,,,,,,,,,,,,,,,,,,,,,,,,,,
LIIRQRSRK GLGLIIRQRSRKGLL,,,,TTGVVSTPL QEETTGVVSTPLIRN,,,,,,,,,,,,,,,,,,,,,,,,,,,,,,,,,,,,,,,,,
LQRRVEPTV RGILQRRVEPTVTIS,,,,LSGIGGFVL MLSGIGGFVLGLIFL,,,,,,,,,,,,,,,,,,,,,,,,,,,,,,,,,,,,,,,,,
VTDFYPSQI LICSVTDFYPSQIKV,,,,ALNHHNLLV RTEALNHHNLLVCSV,,,,,,,,,,,,,,,,,,,,,,,,,,,,,,,,,,,,,,,,,
FYPSQIKVR VTDFYPSQIKVRWFR,,,,,,,,,,,,,,,,,,,,,,,,,,,,,,,,,,,,,,,,,,,,,
YRGILQRRV YEVAYRGILQRRVEP,,,,,,,,,,,,,,,,,,,,,,,,,,,,,,,,,,,,,,,,,,,,,
VAYRGILQR NYEVAYRGILQRRVE,,,,,,,,,,,,,,,,,,,,,,,,,,,,,,,,,,,,,,,,,,,,,
YRAVTPQGR VGVYRAVTPQGRPVA,,,,,,,,,,,,,,,,,,,,,,,,,,,,,,,,,,,,,,,,,,,,,
VRGVTRHIY TERVRGVTRHIYNRE,,,,,,,,,,,,,,,,,,,,,,,,,,,,,,,,,,,,,,,,,,,,,
LGLIIRQRS LIFLGLGLIIRQRSR,,,,,,,,,,,,,,,,,,,,,,,,,,,,,,,,,,,,,,,,,,,,,
VRFDSDVGV EEYVRFDSDVGVYRA,,,,,,,,,,,,,,,,,,,,,,,,,,,,,,,,,,,,,,,,,,,,,
LIIRQRSRK LGLIIRQRSRKGLLH,,,,,,,,,,,,,,,,,,,,,,,,,,,,,,,,,,,,,,,,,,,,,
FDSDVGVYR YVRFDSDVGVYRAVT,,,,,,,,,,,,,,,,,,,,,,,,,,,,,,,,,,,,,,,,,,,,,
